,Name,Year,Height,Hometown/HS,Team
0,Alyssa Slagerman,Fr,5'7,"Brentwood, Ca",UCLA
1,Cami Sanchez,Fr,5'10,"Fountain Valley, Ca",UCLA
2,Chanti Holroyd,So,5-9,"Mountain View, California",UCLA
3,Elise Zappia,Sr,5'8,"Huntington Beach, California",UCLA
4,Hannah Phair,Fr,5'10,"Huntington Beach, Ca",UCLA
5,Izzy Carey,Jr,5-11,"Westlake Village, California",UCLA
6,Jamie McQuarrie,Fr,6'0,"Encinitas, Ca",UCLA
7,Lexi Jasper-Baylin,Sr,5'6,"El Cajon, Ca",UCLA
8,Lily Justine,So,5-10,"Chico, California",UCLA
9,Mac May,Fr,6'3,"Dubuque, IA",UCLA
10,Madi Yeomans,So,6-0,"Ocean Beach, California",UCLA
11,Megan McNamara,Jr,5-9,"Vancouver, BC, Canada",UCLA
12,Megan Muret,Fr,5'9,"Encinitas, Ca",UCLA
13,Nicole McNamara,Jr,5-9,"Vancouver, BC, Canada",UCLA
14,Remy Wilson,So,6'0,"Newport Beach, Ca",UCLA
15,Sarah Sponcil,Sr,5'10,"Phoenix, Az",UCLA
16,Savvy Simo,So,5'10,"Rancho Santa Fe, Ca",UCLA
17,Zana Muno,Jr,5'10,"Hermosa Beach, Ca",UCLA
18,Alaina Chacon,Fr,5'9,"Crown Point, Ind",Florida State
19,Ali Eager,Jr,5'11,"Southlake, Tx",Florida State
20,Ashley Robert,Fr,5'5,"McKinney, Tx",Florida State
21,Avery Poppinga,Fr,5'11,"Austin, Tx",Florida State
22,Bailey Reardon,Fr,5'9,"Milton, Ga",Florida State
23,Breana Edwards,R-Jr,6'3,"Jacksonville, Fl",Florida State
24,Brooke Kuhlman,Jr,5'10,"Naples, Fl",Florida State
25,Devan Hultquist,R-So,5'6,"Tallahassee, Fl",Florida State
26,Eva Torruella,R-So,6'0,"San Juan, Puerto Rico",Florida State
27,Francesca Goncalves,So,5'10,"Dallas, Tx",Florida State
28,Hailey Luke,R-Sr,6'0,"Altamonte Springs, Fl",Florida State
29,Katie Horton,R-Sr,6'1,"Westland, Mich",Florida State
30,Lauren Anderson,GS,6'0,"Peoria, Az",Florida State
31,Macy Jerger,Jr,6'1,"Fort Myers, Fl",Florida State
32,Madison Fitzpatrick,Fr,5'11,"Tallahassee, Fl",Florida State
33,Marielle Diaz,Fr,5'6,"Boca Raton, Fl",Florida State
34,Molly McBain,So,5'9,"Toronto, Canada",Florida State
35,Nikki Esposito,Jr,5'10,"Deerfield Beach, Fl",Florida State
36,Sara Putt,Jr,5'11,"Jupiter, Fl",Florida State
37,Vanessa Freire,Sr,5'10,"Windermere, Fl",Florida State
38,Victoria Paranagua,Sr,5'11,"Austin, Tx",Florida State
39,Abril Bustamante,Jr,6'0,"Redondo Beach, Ca",USC
40,Alexandra Poletto,GS,6'3,"Toronto, Canada",USC
41,Brianna Sizemore,Jr,6'1,"Carlsbad, Ca",USC
42,Cammie Dorn,So,6'1,"Laguna Beach, Ca",USC
43,Haley Hallgren,Fr,6'1,"Southlake, Tx",USC
44,Jenna Belton,Sr,6'1,"Aptos, Ca",USC
45,Jo Kremer,Sr,5'8,"Pacific Palisades, Ca",USC
46,Joy Dennis,So,6'1,"Cypress, Ca",USC
47,Katrina Kernochan,Jr,5'9,"Manhattan Beach, Ca",USC
48,Lainy Thomas,So,5'10,"Frisch, Tx",USC
49,Maja Kaiser,Fr,6'0,"Bulverde, Tx",USC
50,Peri Green,Fr,5'7,"Honolulu, Hi",USC
51,Sammy Slater,Fr,5'10,"Ventura, Ca",USC
52,Terese Cannon,Sr,6'3,"Pittsford, N.Y.",USC
53,Tina Graudina,Fr,6'0,"Jurmala, Latvia",USC
54,Allyssah Fitterer,GS,6'2,"Victoria, Canada",Hawaii
55,Amy Ozee,So,6'1,"Haiku, Hi",Hawaii
56,Arden Misraje,Fr,6'2,"Santa Monica, Ca",Hawaii
57,Ari Homayun,Jr,5'8,"Woodland Hills, Ca",Hawaii
58,Ashley Stevens,Fr,5'6,"Huntington Beach, Ca",Hawaii
59,Cali Bunn,So,6'0,"Encinitas, Ca",Hawaii
60,Carly Kan,Sr,5'9,"Honolulu, Hi",Hawaii
61,Chloe Luyties,So,5'9,"San Diego, Ca",Hawaii
62,Emily Maglio,Jr,6'3,"Coquitlam, B.C., Can",Hawaii
63,Hannah Zalopany,Sr,5'9,"Spokane, Wa",Hawaii
64,Hi'ilawe  Huddleston,Jr,5'9,"Oceanside, Ca",Hawaii
65,Jenna Banz,Fr,5'8,"Cambridge, Canada",Hawaii
66,Ka'iwi Schucht,Sr,5'9,"Escondido, Ca",Hawaii
67,Laurel Weaver,Sr,5'11,"Winnetka, Ca",Hawaii
68,Lea Monkhouse,Fr,6'0,"Mississauga, Canada",Hawaii
69,Morgan Martin,So,6'1,"Mission Viejo, Ca",Hawaii
70,Paige Dreeuws,Fr,5'7,"San Marcos, Ca",Hawaii
71,Pani Napoleon,Fr,5'7,"Chula Vista, Ca",Hawaii
72,Presley Forbes,Fr,5'4,"Manhattan Beach, Ca",Hawaii
73,Regan Hurkett,So,6'2,"Sedona, Ca",Hawaii
74,Sydney Kidd,So,5'8,"San Diego, Ca",Hawaii
75,Addison Hermstad,Fr,5'11,"Seal Beach, Ca",Tulane
76,Anna Chin,Jr,5'7,"Irvine, Ca",Tulane
77,Ashley Delgado,Fr,5'7,"Novato, Ca",Tulane
78,Briana Correa,Jr,5'10,"Fort Myers, Fl",Tulane
79,Carleigh Semeniuk,Fr,5'9,"Whitby, Canada",Tulane
80,Christina  Mcafee,Sr,5'8,"Kennedale, Tx",Tulane
81,Gabriella Becerra,Fr,5'8,"Southlake, Tx",Tulane
82,Kaylie Mchugh,So,5'6,"Davie, Fl",Tulane
83,Kendyl Brennan,Fr,5'7,"Laguna Beach, Ca",Tulane
84,Lan Nguyen,Sr,5'9,"Manhattan Beach, Ca",Tulane
85,Lauren Orlich,Fr,6'0,"Scottsdale, Az",Tulane
86,Madeline Mertz,Sr,6'0,"Peoria, Az",Tulane
87,Morgan Esters,Fr,6'0,"Calabasas, Ca",Tulane
88,Rio Frohoff,Fr,5'9,"Redondo Beach, Ca",Tulane
89,Tarin Mergener,So,5'9,"Midlothian, Tx",Tulane
90,Amelia Smith,Fr,5'7,"San Jose, Ca",Stanford
91,Blake Sharp,Fr,5'11,"Orinda, Ca",Stanford
92,Caitlin Keefe,So,5'11,"Pacific Palisades, Ca",Stanford
93,Catherine Raquel,Sr,5'10,"Los Angeles, Ca",Stanford
94,Chelsea Red-Horse Mohl,So,5'10,"Huntington Beach, Ca",Stanford
95,Courtney Bowen,Jr,6'4,"Brooklyn, N.Y.",Stanford
96,Jennifer Disanto,Jr,5'5,"Portola Valley, Ca",Stanford
97,Kat Anderson,So,5'9,"Everett, Wa",Stanford
98,Kate Formico,Fr,5'9,"Saratoga, Ca",Stanford
99,Kathryn Plummer,So,6'6,"Aliso Viejo, Ca",Stanford
100,Morgan Hentz,So,5'9,"Lakeside Park, Ky",Stanford
101,Payton Chang,Jr,5'10,"Newport Beach, Ca",Stanford
102,Shannon Richardson,So,5'8,"Los Gatos, Ca",Stanford
103,Sunny Villapando,Fr,5'9,"Manhattan Beach, Ca",Stanford
104,Alexis  Patterson,Jr,6'0,"Glendale, Az",Long Beach State
105,Anete Brinke,Sr,6'2,"Riga, Latvia",Long Beach State
106,Ashley Anselmo,R-Fr,6'2,"Manhattan Beach, Ca",Long Beach State
107,Ashley Murray,Sr,6'2,"Torrance, Ca",Long Beach State
108,Brooke Earkman,So,5'7,"Santa Monica, Ca",Long Beach State
109,Claire Newlander,Fr,6'0,"Arroyo Grande, Ca",Long Beach State
110,Emma Kirst,Jr,6'4,"Las Vegas, Nv",Long Beach State
111,Fayth Rascon-Ryn,Fr,5'8,"Redondo Beach, Ca",Long Beach State
112,Gigi Alex,Jr,5'5,"Long Beach, Ca",Long Beach State
113,Gina Lipscomb,Fr,6'0,"Yorba Linda, Ca",Long Beach State
114,Hailey Harward,So,5'9,"Phoenix, Az",Long Beach State
115,Hannah Matt,Sr,5'10,"Bettendorf, Iowa",Long Beach State
116,Kjersti Norveel,So,6'2,"Tonsberg, Norway",Long Beach State
117,Kristyna Adamcikova,Fr,6'0,"Opava, Czech Republic",Long Beach State
118,Marisa Ramsey,Fr,5'7,"Laguna Niguel, Ca",Long Beach State
119,Mary Jo McBride,So,5'9,"Paradise Valley, Az",Long Beach State
120,Megan Kruidhof,Jr,6'0,"Lakewood, Ca",Long Beach State
121,Mina Andjelkovic,Fr,6'1,"Belgrade, Serbia",Long Beach State
122,Monika Simkova,Fr,6'1,"Malacky, Slovakia",Long Beach State
123,Nele Barber,Sr,6'0,"Berlin, Germany",Long Beach State
124,Nicci Reinking,Fr,5'10,"Fountain Valley, Ca",Long Beach State
125,Rachel Nieto,Sr,5'10,"Walnut Creek, Ca",Long Beach State
126,Radi Marinova,Fr,6'1,"Sofia, Bulgaria",Long Beach State
127,Ravena Bailey,Fr,5'6,"Escondido, Ca",Long Beach State
128,Sasha Karelov,Sr,5'9,"Raleigh,N.C",Long Beach State
129,Tegan Curren,Fr,5'10,"Paso Robles, Ca",Long Beach State
130,YiZhi Xue,So,6'4,"Nanjing, China",Long Beach State
131,Zoi Konstantopoulou,Jr,6'0,"Limassol, Cyprus",Long Beach State
132,Abby Waldburger,So,5'10,"La Jolla, Ca",Cal
133,Alexia Inman,Fr,6'1,"Manhattan Beach, Ca",Cal
134,Bridget Gustafson,So,,"Naperville, Ill",Cal
135,Bryce Bark,Sr,6'0,"Palos Verdes Estates, Ca",Cal
136,Camille  Stepanof,So,5'4,"San Diego, Ca",Cal
137,Caroline Schafer,Fr,6'0,"Orinda, Ca",Cal
138,Cassidy Drury-Pullen,Fr,5'7,"Santa Barbara, Ca",Cal
139,Grace Campbell,Jr,6'0,"Manhattan Beach, Ca",Cal
140,Iya Lindahl,So,5'8,"San Diego, Ca",Cal
141,Jacqueline Ribeiro,Fr,5'11,"Austin, Tx",Cal
142,Jayda Howard,So,6'0,"La Jolla, Ca",Cal
143,Jessica Gaffney,Sr,6'1,"Temecula, Ca",Cal
144,Karina Langli,Jr,5'10,"Encinitas, Ca",Cal
145,Mackenzie Feldman,Sr,5'6,"Honolulu, Hi",Cal
146,Maddie Micheletti,Fr,5'9,"Manhattan Beach, Ca",Cal
147,Madison Dueck,So,5'9,"Santa Cruz, Ca",Cal
148,Mia Merino,Jr,5'7,"Tustin, Ca",Cal
149,Mima Mirkovic,Fr,5'11,"Irvine, Ca",Cal
150,Olivia Rodberg,Jr,5'9,"Manhattan Beach, Ca",Cal
151,Teya Neff,Sr,6'0,"Novato, Ca",Cal
152,Adore Anae,Sr,6'1,"Laei, Hi",Utah
153,Alexa Van Komen,Fr,5'8,"El Dorado Hills, Ca",Utah
154,Bailey Choy,So,5'9,"Honolulu, Hi",Utah
155,Berkeley Oblad,Jr,6'4,"Henderson, Nv",Utah
156,Brianna Doehrmann,So,5'7,"Murrieta, Ca",Utah
157,Camryn  Machado,Fr,5'9,"Cardiff by the Sea, Ca",Utah
158,Carly Trueman,Sr,6'1,"Tucson, Az",Utah
159,Dani Barton,So,6'0,"Sandy, Ut",Utah
160,Eliza Katoa,Sr,5'10,"Layton, Ut",Utah
161,Emily Twohig,Jr,5'9,"Boise, Id",Utah
162,Kenzie Koerber,Fr,6'3,"Chino Hills, Ca",Utah
163,Laura Gauta,Fr,5'11,"Garden Grove, Ca",Utah
164,Lauren Sproule,So,6'0,"Lethbridge, Ca",Utah
165,Megan Boudreaux,Jr,6'2,"South Jordan, Ut",Utah
166,Melissa Powell,,,,Utah
167,Phoebe  Grace,Fr,6'2,"Laie, Hawai'i",Utah
168,Shannon  Scully,Fr,6'2,"Huntington Beach, Ca",Utah
169,Tawnee Luafalemana,Sr,6'0,"Carson, Ca",Utah
170,Torre Glasker,So,5'10,"South Jordan, Ut",Utah
171,Ashley Allmer,Jr,5'10,"Sarasota, Fl",LSU
172,Cheyenne Wood,Sr,5'7,"Angier, N.C.",LSU
173,Claire Coppola,So,6'1,"Scottsdale, Az",LSU
174,Emily Hardesty,GS,6'3,"Plano, Tx",LSU
175,Emmy Allen,GS,6'1,"Mill Creek, Wa",LSU
176,Gina Tillis,Sr,5'10,"Rockwall, Tx",LSU
177,Haleigh Nelson,GS,6'4,"Cary, N.C.",LSU
178,Hunter Domanski,Fr,5'10,"New Braunfels, Tx",LSU
179,Jeni Clark,Jr,5'7,"Carlsbad, Ca",LSU
180,Kahlee York,Fr,5'11,"Bradenton, Fl",LSU
181,Kristen Nuss,So,5'6,"New Orleans, La",LSU
182,Lilly Kessler,Jr,5'10,"Augusta, Ga",LSU
183,Maddie Ligon,Jr,5'8,"Bedford, Tx",LSU
184,Mandi Orellana,Sr,5'7,"Guatemala City, Guatemala",LSU
185,Megan Davenport,Jr,5'11,"Metairie, La",LSU
186,Nicole Decker,Fr,5'10,"Coral Springs, Fl",LSU
187,Olivia Powers,So,6'1,"Merrit Island, Fl",LSU
188,Riley Young,Sr,6'1,"La Jolla, Ca",LSU
189,Savannah Wininger,Fr,5'9,"Baton Rouge, La",LSU
190,Tatum Ballard,Fr,5'8,"Mandeville, La",LSU
191,Taylor Bradley,So,5'9,"Round Rock, Tx",LSU
192,AJ Baumann,Jr,5'7,"Roswell, Ga",South Carolina
193,Ali Denney,So,5'6,"Jupiter,Fl",South Carolina
194,Aubrey Ezell,R-So,5'8,"Granbury, Tx",South Carolina
195,Avery Davis,Fr,5'8,"New Burn, N.C.",South Carolina
196,Cadie Bates,GS,6'2,"Temecula, Ca",South Carolina
197,Carly Schneider,So,5'10,"Cincinnati, Oh",South Carolina
198,Caroline Skaff,So,5'11,"Haymarket, Va",South Carolina
199,Delaney Wood,Jr,6'0,"Westlake, Tx",South Carolina
200,Franky Harrison,So,5'10,"Knoxville, Tn",South Carolina
201,Hannah Sorensen,GS,6'0,"Wilmington, N.C.",South Carolina
202,Hannah Edelman,So,5'5,"Hilton Head Island, S.C.",South Carolina
203,Jess Vastine,Fr,6'1,"Wittman, Az",South Carolina
204,Julia Mannisto,Sr,5'11,"Westlake Village, Ca",South Carolina
205,Katie Smith,So,5'9,"West Chester, Oh",South Carolina
206,Kennedy Copeland,Fr,5'10,"Newbury Park, Ca",South Carolina
207,Leah Perri,GS,6'0,"Richland, Mi",South Carolina
208,Louise Kooiman,Fr,5'9,"Fullerton, Ca",South Carolina
209,Lydia Dimke,GS,6'3,"Ham Lake, Mn",South Carolina
210,Macie Tendrich,Sr,5'3,"Boynton Beach, Fl",South Carolina
211,Quinn Fulton,Fr,5'8,"Calabasas, Ca",South Carolina
212,Sarah Nacouzi,So,5'10,"Raleigh, N.C.",South Carolina
213,Shannon Williams,Jr,5'10,"Ashburn, Va",South Carolina
214,Brooke Burling,So,5'10,"Naperville, Ill",Arizona
215,Candice Denny,Fr,6'2,"Saratoga, Ca",Arizona
216,Caroline Cordes,R-Fr,5'11,"Naperville, Ill",Arizona
217,Chelsey Harris,Sr,6'0,"Houston, Tx",Arizona
218,Hailey Devlin,Sr,6'2,"San Diego, Ca",Arizona
219,Jaclyn Inclan,Fr,5'10,"Tucson, Az",Arizona
220,Jonny Baham,Fr,5'6,"Carlsbad, Ca",Arizona
221,Jordan Abalos,R-Jr,5'10,"Safford, Az",Arizona
222,Kacey Nady,R-Sr,6'2,"San Diego, Ca",Arizona
223,Makenna Martin,R-Fr,5'9,"Gilbert, Az",Arizona
224,Mia Mason,Jr,5'11,"Manhattan Beach, Ca",Arizona
225,Natalie Anselmo,So,5'6,"Los Angeles, Ca",Arizona
226,Olivia Hallaran,So,5'9,"Mesa, Az",Arizona
227,Olivia Macdonald,Sr,6'0,"Piopio, New Zeland",Arizona
228,Sara Watanabe,R-So,5'9,"Honolulu, Hi",Arizona
229,Stephany Purdue,Sr,5'11,"Mesa, Az",Arizona
230,Bailey Anderson,Fr,,"Las Vegas, Nv",ASU
231,Cassidy Schilling,Fr,,"Moorpark, Ca",ASU
232,Cierra Flood,Fr,,"Phoenix, Az",ASU
233,Ellyson Lundberg,So,5'11,"Larkspur, Ca",ASU
234,Frances Giedraitis,Sr,5'9,"Tucson, Az",ASU
235,Halle Parker,Fr,,"Bakersfield, Ca",ASU
236,Jourdan Parnell,Jr,5'8,"San Diego, Ca",ASU
237,Kara  Woodard,So,5'11,"Phoenix, Az",ASU
238,Kate  Baldwin,Fr,,"Lakewood, Ca",ASU
239,Katelyn Carballo,So,5'9,"Laguna Beach, Ca",ASU
240,Katie Cross,Jr,5'11,"Flagstaff, Az",ASU
241,Kwyn Johnson,R-Sr,6'3,"Kalispell, Mont",ASU
242,Mia Rivera,Sr,5'8,"Gilbert, Az",ASU
243,Natalie Braun,Jr,5'7,"Phoenix, Az",ASU
244,Samantha Plaster,Fr,,"Flower Mound, Tx",ASU
245,Sierra Ellett,Fr,,"Scottsdale, Az",ASU
246,Sydney Palmer,Sr,5'7,"Yorba Linda, Ca",ASU
247,Anna Unnasch,So,5'9,"San Diego, Ca",Grand Canyon
248,Bella Baumann,Fr,5'11,"Wheaton, Il",Grand Canyon
249,Emily Reinking,Sr,5'7,"Huntington Beach, Ca",Grand Canyon
250,Hannah Towne,So,5'11,"Rochester, Ind",Grand Canyon
251,Jamie  Walsh,Jr,6'0,"Shell Beach, Ca",Grand Canyon
252,Jessica Clark,So,5'7,"Monroe, Wa",Grand Canyon
253,Jessica Stansfield,So,5'6,"Wall, N.J.",Grand Canyon
254,Jordyn Sanchez,R-Sr,5'9,"Huntington Beach, Ca",Grand Canyon
255,Katie Sarber,Fr,5'9,"Dade City, Fl",Grand Canyon
256,Katie Pyles,GS,5'9,"Littleton, Co",Grand Canyon
257,Kelli Iverson,Sr,5'11,"San Marcos, Ca",Grand Canyon
258,Kiersten Varga,Fr,5'9,"Bradenton, Fl",Grand Canyon
259,Madi Relaz,Fr,5'10,"Redondo Beach, Ca",Grand Canyon
260,Maggie Demore,Jr,5'7,"Phoenix, Az",Grand Canyon
261,Micaela Mirabal,So,5'9,"Austin, Tx",Grand Canyon
262,Michaela Reese,So,6'0,"Lancaster, Ca",Grand Canyon
263,Molly Turner,Sr,5'8,"Naperville, Ill",Grand Canyon
264,Natalie Honzovicova,Fr,5'10,"Prague, Czech Republic",Grand Canyon
265,Olivia Unnasch,So,5'9,"San Diego, Ca",Grand Canyon
266,Renee Mussler,Fr,5'8,"Clearwater, Fl",Grand Canyon
267,Taylor Jarzombek,Fr,5'4,"Austin, Tx",Grand Canyon
268,Teagan DeFalco,Fr,,"Long Beach, Ca",Grand Canyon
269,Alex Hojnar,Sr,5'9,"Western Springs, Ill",Oregon
270,August Raskie,Jr,6'0,"Colorado Springs, Co",Oregon
271,Brooke Van Sickle,So,5'9,"Battle Ground, Wa",Oregon
272,Jolie Rasmussen,So,6'2,"Encinitas, Ca",Oregon
273,Josie Cole,Fr,5'10,"Lafayette, Ca",Oregon
274,Kyra Hanawahine,Fr,5'2,"Honolulu, Hi",Oregon
275,Lauren  Page,Jr,6'0,"Riverside, Ca",Oregon
276,Lindsey Vander Weide,Jr,6'3,"Turlock, Ca",Oregon
277,Maggie Scott,Sr,5'10,"Wildwood, Mo",Oregon
278,Marine Hall-Poirier,Sr,5'11,"Portola Valley, Ca",Oregon
279,Ronika Stone,So,6'2,"San Jose, Ca",Oregon
280,Sumeet Gill,Jr,6'3,"Elk Grove, Ca",Oregon
281,Taylor Agost,Sr,6'2,"Happy Valley, Ore",Oregon
282,Willow Johnson,So,6'2,"Paradise Valley, Az",Oregon
283,Anna Crabtree,Sr,5'9,"Bellevue, Wa",Washington
284,Avie Niece,So,6'0,"Bellevue, Wa",Washington
285,Cailin Onosko,R-Fr,5'6,"San Diego, Ca",Washington
286,Carly Dehoog,Sr,6'4,"Ontario, Ca",Washington
287,Chloe Newton,Fr,,,Washington
288,Courtney Schwan,Sr,6'1,"Auburn, Wash",Washington
289,Crissy Jones,Sr,6'2,"Los Alamitos, Ca",Washington
290,Destiny Julye,Jr,5'11,"Tehachapi, Ca",Washington
291,Emma Calle,Fr,5'11,"Villa Park, Ca",Washington
292,Jordan Anderson,Sr,6-0,"Flower Mound, Texas",Washington
293,Kara Bajema,R-Fr,6'2,"Lynden, Wa",Washington
294,Kimmy Gardiner,Sr,6'1,"Grapevine, Tx",Washington
295,Lauren Sanders,Fr,6'4,"Snohomish, Wa",Washington
296,Maria Bogomolova,R-Fr,6'1,"St Petersburg, Russia",Washington
297,Natalie Anderson,Fr,5'11,"Mercer Island, Wa",Washington
298,Natalie Robinson,Fr,5'11,"Mercer Island, Wa",Washington
299,Samantha  Drechsel,Fr,"6'4""","Bothell, WA/ Maryland",Washington
300,Shayne Mcpherson,So,5'6,"Seattle, Wash",Washington
301,Tia Scambray,Sr,6'0,"Dana Point, Ca",Washington
302,Alex O'Sullivan,Jr,5'10,"Albany, Ca",Saint Mary's
303,Alexsa Parker,So,5'8,"Santa Clara, Utah",Saint Mary's
304,Aubrey Pitts,So,6'2,"Reno, Nv",Saint Mary's
305,Emily Bible,Jr,5'9,"Santa Clarita, Ca",Saint Mary's
306,Jennifer Laird,Fr,5'11,"San Luis Obispo, Ca",Saint Mary's
307,Kelsey Knudsen,Fr,,"Santa Clarita, Ca",Saint Mary's
308,Lindsey Calvin,Jr,6'2,"Visalia, Ca",Saint Mary's
309,Lindsey Knudsen,Jr,6'0,"Santa Clarita, Ca",Saint Mary's
310,Madi Wilkerson,Sr,5'5,"Midlothian, Tx",Saint Mary's
311,Madison Baumann,Fr,6'0,"San Carlos, Ca",Saint Mary's
312,Mary Hernandez,Sr,5'7,"Long Beach, Ca",Saint Mary's
313,Morgan Kendrick,,,,Saint Mary's
314,Morgan Hughes,Jr,5'10,"Willows, Ca",Saint Mary's
315,Payton Rund,Jr,6'1,"Albany, Ore",Saint Mary's
316,Sarah Chase,R-So,6'0,"Campbell River, B.C.",Saint Mary's
317,Sienna Young,So,5'11,"Elk Grove, Ca",Saint Mary's
318,Allison Kantor,So,6'0,"Mission Viejo, Ca",Santa Clara
319,Anna McCreadie,R-So,6'3,"North Bend, Wa",Santa Clara
320,Brittany Gillingham,Fr,5'5,"San Jose, Ca",Santa Clara
321,Chloe Loreen,Fr,6'0,"Seattle, Wa",Santa Clara
322,Erin Reineking,Sr,5'8,"Salinas, Ca",Santa Clara
323,Forfeit 2,,,,Santa Clara
324,Forfeit  1,,,,Santa Clara
325,Gretchen Reinert,Fr,5'6,"Dove Canyon, Ca",Santa Clara
326,Hailey Lindberg,Jr,6'1,"Danville, Ca",Santa Clara
327,Kathryn Decker,Fr,6'3,"Portland, Or",Santa Clara
328,Kristen Mead,Sr,5'11,"Palo Alto, Ca",Santa Clara
329,Laura Willems,So,6'0,"Parker, Colo",Santa Clara
330,Michelle Gajdka,So,5'8,"San Francisco, Ca",Santa Clara
331,Ngozi Nwabuzoh,So,5'10,"Stockton, Ca",Santa Clara
332,Tatiana San Juan,Sr,5'7,"Emerald Hills, Ca",Santa Clara
333,Taylor  Odom,R-So,6'2,"Bellevue, Wa",Santa Clara
334,Tessie Powers,So,5'10,"Aptos, Ca",Santa Clara
335,Alexis Filippone,Fr,6'2,"Del Mar, Ca",Pepperdine
336,Anika Wilson,Jr,5'9,"Santa Barbara, Ca",Pepperdine
337,Brook Bauer,Fr,6'1,"Fort Lauderdale, Fl",Pepperdine
338,Corinne Quiggle,Sr,5'10,"Ponte Vedra Beach, Fl",Pepperdine
339,Deahna Kraft,So,6'0,"Seattle, Wa",Pepperdine
340,Gigi Hernandez,So,5'10,"Dana Point, Ca",Pepperdine
341,Heidi Dyer,Jr,6'2,"San Clemente, Ca",Pepperdine
342,Jordan Ferrari,So,6'1,"Mission Viejo, Ca",Pepperdine
343,Kaity Bailey,Jr,6'2,"Ojai, Ca",Pepperdine
344,Katie Gavin,Fr,5'8,"Laguna Beach, Ca",Pepperdine
345,Madalyn Roh,Jr,5'11,"Scottsdale, Az",Pepperdine
346,Maddie Dilfer,Sr,5'11,"Saratoga, Ca",Pepperdine
347,Nikki Lyons,Jr,6'2,"Fort Lauderdale, Fl",Pepperdine
348,Shannon Murphy,Fr,6'1,"Friendswood, Tx",Pepperdine
349,Skylar Caputo,Jr,5'10,"Manhattan Beach, Ca",Pepperdine
350,Aeryn Owens,Jr,6'0,"Alta Loma, Ca",Cal State Northridge
351,Autumn  Russell,Sr,5'11,"Paso Robles, Ca",Cal State Northridge
352,Cassidy Rosso,So,6'0,"La Crescenta, Ca",Cal State Northridge
353,Daniella Molinari,So,6'2,"Pompano Beach, Fl",Cal State Northridge
354,Erin Indermill,Jr,5'6,"Santa Clarita, Ca",Cal State Northridge
355,Katie Sato,Sr,5'6,"Calabasas, Ca",Cal State Northridge
356,Kristey Markle,Jr,5'9,"Trabuco Canyon, Ca",Cal State Northridge
357,Lauren McMurray,Fr,5'10,"Phoenix, Az",Cal State Northridge
358,Lauren Conati,Sr,6'1,"Scottsdale, Az",Cal State Northridge
359,Nickeisha Williams,Sr,5'10,"Harbor City, Ca",Cal State Northridge
360,Nicolette  Pinkney,Sr,5'11,"Roseville, Ca",Cal State Northridge
361,Shawnee De Oliveira,Fr,5'7,"Trabuco Canyon, Ca",Cal State Northridge
362,Tori Hiott,Jr,5'9,"Thousand Oaks, Ca",Cal State Northridge
363,Allie Havers,Sr,6'5,"Mattawan, Mi",Nebraska
364,Anezka Szabo,Fr,6'3,"Sioux Falls, S.D.",Nebraska
365,Annika Albrecht,Sr,6'0,"North Aurora, Ill",Nebraska
366,Chesney McClellan,Fr,6'4,"Maryville, Tn",Nebraska
367,Hayley Densberger,Fr,5'9,"Malcolm, Ne",Nebraska
368,Jasmine Schmidt,Fr,6'1,"Parker, Co",Nebraska
369,Jazz Sweat,Fr,6'3,"Tecumseh, Kan",Nebraska
370,Kashauna Williams,Fr,6'1,"Lancaster, Ca",Nebraska
371,Kelly Hunter,Sr,5'11,"Papillion, Neb",Nebraska
372,Kenzie Maloney,Jr,5'8,"Louisville, Ky",Nebraska
373,Lauren Stivrins,So,6'4,"Scottsdale, Az",Nebraska
374,Mikaela  Foecke,Jr,6'3,"West Point, Ia",Nebraska
375,Sami Slaughter,Fr,6'1,"Harrisburg, S.D.",Nebraska
376,Alexis  Morrow,R-Fr,5'10,"Redwood City, Ca",LMU
377,Bozena Culo,So,6'2,"Bjelovar, Croatia",LMU
378,Chloe Reinig,GS,6'4,"Howell, Mi",LMU
379,Cierra Simpson,GS,6'0,"Colorado Springs, Co",LMU
380,Emma Johnson,So,6'0,"Moraga, Ca",LMU
381,Emma Doud,So,5'9,"Alameda, Ca",LMU
382,Jessie Prichard,So,5'9,"Corona, Ca",LMU
383,Kekai Whitford,Jr,5'8,"Costa Mesa, Ca",LMU
384,Kristen Castellanos,Sr,5'1,"Los Angeles, Ca",LMU
385,Maddie  Leiphardt,GS,5'9,"Goleta, Ca",LMU
386,McKayla Ferris,GS,6'0,"Geneseo, N.Y.",LMU
387,Megan  Rice,So,6'0,"Hermosa Beach, Ca",LMU
388,Meredith Teague,Fr,6'2,"Monroe, Wa",LMU
389,Morgan Bogust,Fr,5'9,"Thousand Oaks, Ca",LMU
390,Paige Panter,So,5'10,"Dallas, Tx",LMU
391,Sara Kovac,Jr,6'0,"Niagra Falls, Ontario, Can",LMU
392,Savannah  Slattery,So,5'11,"Malibu, Ca",LMU
393,Sierra  Bartley,Fr,6'2,"Littleton, Co",LMU
394,Veronica Nederend,Jr,5'11,"Tipton, Ca",LMU
395,Brindl Langley,R-Sr,5'7,"Camas,Wa",Boise State
396,Cassedi Simon,So,5'4,"West Liberty, Iowa",Boise State
397,Cat Clemens,Fr,6'0,"Burns, Or",Boise State
398,Celine Christensen,So,6'3,"Salem, Utah",Boise State
399,Drew Hanneman,Fr,5'5,"Flagstaff, Az",Boise State
400,Janell Walley,So,5'11,"Yucaipa, Ca",Boise State
401,Jaymee-Lee Bulda,Sr,5'5,"Sacramento, Ca",Boise State
402,Jensen Allen,So,5'10,"Brea, Ca",Boise State
403,Kenna Hanses,So,6'0,"Renton, Wa",Boise State
404,Keri Leake,Fr,6'1,"Clovis, Ca",Boise State
405,Kiley Lewis,Fr,6'2,"Auburn, Wa",Boise State
406,Kylee Johnson,Fr,5'6,"New Braunfels, Tx",Boise State
407,Lizzie Wilson,Fr,6'0,"San Diego, Ca",Boise State
408,Maddi Osburn,Sr,5'7,"Nampa, Id",Boise State
409,Maddie Simon,So,5'4,"West Liberty, Ia",Boise State
410,Maya Watkins,Fr,5'9,"Snohomish, Wa",Boise State
411,Morginne DeMarco,R-So,5'7,"Bakersfield, Ca",Boise State
412,Sabryn Roberts,Jr,5'9,"Torrance, Ca",Boise State
413,Sierra Nobley,Sr,6'1,"Scottsdale, Az",Boise State
414,Skye Southwick,Jr,5'7,"Cambridge, Id",Boise State
415,Tiaja McKnight,Jr,6'2,"Los Angeles, Ca",Boise State
416,Cali Thompson,R-So,6'0,"Las Vegas, Nv",Portland
417,Carey Williams,Fr,5'7,"Kahuku, Hi",Portland
418,Emily DeMots,Fr,6'2,"Portland, Or",Portland
419,Emma  Scanlan,So,5'7,"Moraga, Ca",Portland
420,Hannah  Troutman,Sr,5'10,"Powell Butte, Ore",Portland
421,Izzy Guzik,R-Fr,6'0,"San Diego, Ca",Portland
422,Kassidy Naone,Fr,5'11,"Kailua, Hi",Portland
423,Katie Barker,R-So,6'1,"Los Altos, Ca",Portland
424,Kellie Hughes,Fr,5'6,"Livermore, Ca",Portland
425,Lauren Naatz,Jr,5'3,"Salt Lake City, Ut",Portland
426,Liz Reich,Fr,6'1,"Colorado Springs, Co",Portland
427,McKenzie Schwan,Fr,5'8,"Auburn, Wa",Portland
428,Morgan Robinson,Sr,5'11,"Sunnyvale, Ca",Portland
429,Reghan Pukis,Jr,6'1,"Tacoma, Wa",Portland
430,Sarah Savoca,Sr,6'1,"Santa Cruz, Ca",Portland
431,Tani Stephens,GS,5'8,"Albany, Ore",Portland
432,Adlee Van Winden,Jr,6'1,"Napa, Ca",Cal Poly SLO
433,Brayden Gruenewald,So,5'9,"Southlake, Tx",Cal Poly SLO
434,Dora Beilin,Jr,5'11,"Berkeley, Ca",Cal Poly SLO
435,Emily Sonny,So,5'11,"Arroyo Grande, Ca",Cal Poly SLO
436,Hannah Hubbard,Sr,5'8,"San Diego, Ca",Cal Poly SLO
437,Heather Pembroke,So,5'9,"Chico, Ca",Cal Poly SLO
438,Jamie Stivers,Fr,6'2,"Coppell, Tx",Cal Poly SLO
439,Jessica  Manley,So,6'0,"Escondido, Ca",Cal Poly SLO
440,Kassandra Wright,Jr,5'9,"Temecula, Ca",Cal Poly SLO
441,Macy Gordon,Fr,5'8,"Paradise Valley, Az",Cal Poly SLO
442,Olivia Lee,Fr,6'1,"Tiburon, Ca",Cal Poly SLO
443,Peyton Sper,Fr,5'10,"Camarillo, Ca",Cal Poly SLO
444,Raeann Greisen,Sr,6'2,"San Diego, Ca",Cal Poly SLO
445,Sam Manley,Jr,5'10,"San Diego, Ca",Cal Poly SLO
446,Sjea Anderson,Fr,5'9,"Scotts Valley, Ca",Cal Poly SLO
447,Skyler Spooner,Fr,5'6,"Flower Mound, Tx",Cal Poly SLO
448,Taylor Nelson,Sr,6'0,"Granite Bay, Ca",Cal Poly SLO
449,Teiana Cataldo,Fr,5'10,"Honolulu, Hi",Cal Poly SLO
450,Tessa Tooman,Jr,5'10,"La Jolla, Ca",Cal Poly SLO
451,Tia Miric,Fr,5'8,"Ontario, Canada",Cal Poly SLO
452,Torrey Van Winden,So,6'3,"Napa, California",Cal Poly SLO
453,Anabela Sataric,GS,6'2,"Biberist, Switzerland",FIU
454,Ashley Klassen,Fr,5'7,"Tsawwasse, Canada",FIU
455,Brooke Bailey,So,5'9,"Tampa, Fl",FIU
456,Dorina Klinger,Jr,6'1,"Feldkirchen, Austria",FIU
457,Erika Zembyla,R-Jr,6'0,"Nicosia, Cyprus",FIU
458,Erin Byrne,Fr,5'11,"San Diego, Ca",FIU
459,Estefanie  Bethancourt,Sr,6'0,"Guatemala City, Guatemala",FIU
460,Federica Frasca,So,5'9,"Rome, Italy",FIU
461,Helene Thelle,So,5'10,"Tolvsr√∏d, Norway",FIU
462,Katie Friesen,Jr,5'9,"Manitoba, Canada",FIU
463,Lina Bernier,R-So,5'10,"San Juan, Puerto Rico",FIU
464,Mackenzie  Walker,So,5'9,"Sarasota, Fl",FIU
465,Madison Besterfield,Fr,6'3,"Tampa, Fl",FIU
466,Margherita Bianchin,Jr,6'0,"Traviso, Italy",FIU
467,Mariana Dal Pozzo,Sr,5'7,"Toledo, Brazil",FIU
468,Mariana De Paula Silva,Sr,5'11,"Sao Jose dos Campos, Brazil",FIU
469,Natalia Giron,Sr,6'2,"Guatemala City, Guatemala",FIU
470,Samantha Lemmon,Fr,5'6,"Boca Raton, Fl",FIU
471,Taija Thomas,Sr,6'0,"Scarborough, Ontario, Can",FIU
472,Amanda Silva,Jr,5'10,"MaceiA, Brazil",FAU
473,Ashlan  Cunningham,Jr,5'6,"Colleyville, Tx",FAU
474,Bailey Myott,Fr,5'5,"Boynton Beach, Fl",FAU
475,Brittany Pellitteri,Sr,5'7,"Deerfield Beach, Fl",FAU
476,Candace Lacour,So,5'8,"Buckeye, Az",FAU
477,Carly Scarborough,GS,6'1,"Sarasota, Fl",FAU
478,Erica Brok,Fr,5'9,"Ormond Beach, Fl",FAU
479,Gabrielle Dischler,Sr,5'9,"Naples, Fl",FAU
480,Jazmine Barker,Jr,5'10,"Palm Harbor, Fl",FAU
481,Jessalyn Kinlaw,Sr,5'6,"Bradenton, Fl",FAU
482,Johannah Cummines,Fr,5'6,"New Port Richey, Fl",FAU
483,Julia Lewkowicz,Jr,5'11,"Coral Springs, Fl",FAU
484,Kaila Dorish,Fr,5'11,"Royal Palm Beach, Fl",FAU
485,Lauren Galinis,So,5'8,"Delray Beach, Fl",FAU
486,Mackenzie Morris,Fr,5'10,"Jacksonville, Fl",FAU
487,Mazarine Tsuji,Fr,5'8,"Hallandale, Fl",FAU
488,Megan McGrath,So,5'10,"Boca Raton, Fl",FAU
489,Nicole Navarro,Jr,5'7,"Boca Raton, Fl",FAU
490,Nicole Grant,Jr,6'0,"Bradenton, Fl",FAU
491,Sam Gott,So,5'9,"Loxahatchee, Fl",FAU
492,Alex Holt,R-Jr,6'0,"Sacramento, Ca",Pacific
493,Andie Shelton,Sr,5'9,"Stockton, Ca",Pacific
494,Ashlyn Fleming,So,6'4,"San Jose, Ca",Pacific
495,Emily Baptista,So,6'2,"Hilmar, Ca",Pacific
496,Hanne De Schrijver,Fr,5'10,"Serskamp, Belgium",Pacific
497,Kaitlyn Lines,Fr,6'0,"Gilbert, Az",Pacific
498,Katrin Gotterba,Sr,5'6,"Stockton, Ca",Pacific
499,Maycie LaBass,Sr,6'0,"Modesto, Ca",Pacific
500,Olivia Petnicki,So,5'4,"Vacaville, Ca",Pacific
501,Roni Long,Jr,5'10,"Porterville, Ca",Pacific
502,Skylar Wine,So,6'2,"Phoenix, Az",Pacific
503,Taylor Poncetta,Sr,5'11,"San Jose, Ca",Pacific
504,Avery Arellano,So,5'10,"Lucas, Tx",TCU
505,Brooke Sassin,Sr,6'0,"San Antonio, Tx",TCU
506,Cassie House,Sr,6'2,"Rio Rancho, NM",TCU
507,Claire Doyle,So,5'10,"Atlanta, Ga",TCU
508,Hannah Rogers,Fr,5'8,"Santa Ynez, Ca",TCU
509,Haven Hill,So,5'8,"Ventura, Ca",TCU
510,Jaelyn Greene,Jr,5'9,"Mission Viejo, Ca",TCU
511,Jensyn Bledsoe,So,5'7,"Pinehurst, Tx",TCU
512,Jillian Bergeson,Sr,6'2,"Friendswood, Tx",TCU
513,Jordan Terral,Jr,5'6,"Encinitas, Ca",TCU
514,Jordan Westendorf,Fr,5'9,"Dallas, Tx",TCU
515,Kristy Wieser,Sr,6'2,"Lincoln, Ne",TCU
516,Madison Borowski,Jr,5'9,"Austin, Tx",TCU
517,Molly Scheel,Jr,5'9,"Phoenix, Az",TCU
518,Olivia Canales,Jr,6'1,"Lexington, Ky",TCU
519,Abbey Wilson,Fr,5'11,"Albuquerque, N.M.",New Mexico
520,Carly Beddingfield,Jr,6'3,"Albuquerque, NM",New Mexico
521,Chloe Crappell,Sr,5'7,"Albuquerque, NM",New Mexico
522,Eastyn Baleto,Sr,5'8,"Seattle, Wa",New Mexico
523,Emily Nenninger,So,5'5,"Albuquerque, N.M.",New Mexico
524,Erin Martin,Fr,5'7,"Denver, Co",New Mexico
525,Hailey Rubino,Fr,5'11,"Leesburg, Va",New Mexico
526,Kayla Long,Fr,5'3,"Tucson, Az",New Mexico
527,Lauren Twitty,GS,6'1,"Broadlands, Va",New Mexico
528,Maddie Irwin,Sr,5'11,"Tucson, Az",New Mexico
529,Mercedes Pacheco,,5'2,,New Mexico
530,Morgan Schreckler,Fr,6'1,"Phoenix, Az",New Mexico
531,Yasmin Tan,Fr,5'11,"Melbourne, Australia",New Mexico
532,Blossom Sato,Sr,5'9,"Santa Monica, Ca",Mississippi State
533,Emily Hill,Jr,6'6,"Denton, Tx",Mississippi State
534,Katie Nicholson,Sr,6'2,"Aledo, Tx",Mississippi State
535,Khris Carr,Sr,5'11,"Starkville, Miss",Mississippi State
536,Liv Benner,Jr,6'6,"Danville, Ind",Mississippi State
537,Sara Maddox,So,6'2,"Leawood, Kan",Mississippi State
538,Aeriel Horton,Jr,5'7,"Waxahachie, Tx",Houston Baptist
539,Bailey Banks,Sr,5'10,"Missouri City, Tx",Houston Baptist
540,Brennan Miller,Fr,5'6,"Claremont, Ca",Houston Baptist
541,Danielle Wheeler,So,6'0,"San Diego, Ca",Houston Baptist
542,Jessica Wooten,GS,5'11,"Humble, Tx",Houston Baptist
543,Jordyn Miller,Fr,5'8,"Phoenix, Az",Houston Baptist
544,Kali Fluke,Sr,6'1,"San Antonio, Tx",Houston Baptist
545,Katya Silveira,Fr,5'9,"Houston, Tx",Houston Baptist
546,Kayla Armer,GS,6'0,"Bradenton, Fl",Houston Baptist
547,Madison O'Brien,Jr,5'9,"Cleveland, Tx",Houston Baptist
548,Meagan Carter,Fr,5'8,"Bakersfield, Ca",Houston Baptist
549,Mikayla Vivens,Fr,"5'9""","San Antonio, Texas/ Warren",Houston Baptist
550,Tori Hinojosa,So,5'8,"San Antonio, Tx",Houston Baptist
551,Alexa Richardson,So,5'7,"Austin, Tx",Stetson
552,Brynn Carrick,Fr,5'8,"Hampstead, N.C.",Stetson
553,Carly Perales,So,5'9,"Round Rock, Tx",Stetson
554,Caroline Pomet,Jr,5'4,"Lutz, Fl",Stetson
555,Darby Dunn,So,6'0,"South Surrey, B.C.",Stetson
556,Grace Christiansen,So,5'7,"Lantana, Tx",Stetson
557,Julie Varga,So,6'0,"Fredrikstad, Norway",Stetson
558,Katinka Krahn,So,5'11,"Oslo, Norway",Stetson
559,Lauren Durham,Jr,5'5,"Apex, NC",Stetson
560,Lexi  Ham,So,5'6,"Scottsdale, Az",Stetson
561,Quinci Birker,Fr,5'10,"Kelowna, B.C.",Stetson
562,Rachel Noble,Jr,5'10,"Carlsbad, Ca",Stetson
563,Rebecca Ingram,Fr,6'0,"Riverslea, Australia",Stetson
564,Samantha Harris,Jr,5'7,"Arlington, Va",Stetson
565,Sammee Thomas,Jr,5'7,"Huntington Beach, Ca",Stetson
566,Sunniva Helland-Hansen,So,5'8,"Oyeste, Norway",Stetson
567,Anna Dalla Vecchia,Fr,,,USF
568,Camille Araujo,So,5'7,"Long Beach, Ca",USF
569,Carly Lowry,So,5'11,"Tucson, Az",USF
570,Emily Zinger,Fr,,"Little Elm, Tx",USF
571,Erica Ronda,Fr,,"Chandler, Az",USF
572,Erin Anthony,Fr,,"Sugar Land, Tx",USF
573,Haley Howell,GS,5'10,"Tucson, Az",USF
574,Julia Topor,GS,,,USF
575,Kate Ashman,So,6'3,"Cyrpress, Ca",USF
576,Laura Leap,Jr,,"Thousand Oaks, Ca",USF
577,Madelyn LaFollette,Fr,,"Alameda, Ca",USF
578,Marjolijn  Oskam,Sr,6'4,"Bussum, Netherlands",USF
579,Nora Buvarp Lavik,Sr,6'3,"Tonsberg, Norway",USF
580,Pi'ikea Clemens,Fr,,"Kailua, Hi",USF
581,Sabrina Blackwell,GS,,"San Jose, Ca",USF
582,Shannon Levinson,So,5'3,"Los Angeles, Ca",USF
583,Trish Koutsoukos,So,5'7,"Sydney, Aus",USF
584,Breann Robinson,Sr,6'0,"Jamestown, Ca",San Jose State University
585,Ciara Reistad,Sr,5'7,"La Quinta, Ca",San Jose State University
586,Fernanda Vido,R-So,5'10,"Belo Horizonte, Brazil",San Jose State University
587,Giulia Gavio,Jr,6'0,"Rio de Janeiro, Brazil",San Jose State University
588,Hayley Sturgeon,Jr,6'2,"Mountain View, Ca",San Jose State University
589,Jamie Hirai,Sr,5'7,"Honolulu, Hi",San Jose State University
590,Julia Golbeck,Jr,6'0,"Sugar Grove, Ill",San Jose State University
591,Kaitlynn Zdroik,So,5'9,"Brentwood, Ca",San Jose State University
592,Laura  Parts,So,6'2,"Parnu, Estonia",San Jose State University
593,Luiza Andrade,Jr,5'5,"Rio de Janeiro, Brazil",San Jose State University
594,Lyndi Scholl,GS,5'10 ,"Kaneville, Ill",San Jose State University
595,Nandyala Gama,Sr,6'3,"Rio de Janeiro, Brazil",San Jose State University
596,Ryann Thomison,Fr,6'0,"Sacramento, Ca",San Jose State University
597,Summer Avery,Sr,5'11,"Tucscon, Az",San Jose State University
598,Thaliana Grajeda,So,6'0,"Clovis, Ca",San Jose State University
599,Aleksandra Djordjevic,Sr,6'0,"Belgrade, Serbia",Cal State Bakersfield
600,Ally  Barber,R-So,6'0,"Maltby, Wa",Cal State Bakersfield
601,Ashley Prater,So,5'7,"Glendale, Az",Cal State Bakersfield
602,Bailey Smith,Fr,6'2,"Phoenix, Az",Cal State Bakersfield
603,Briannah Mariner,Jr,5'10,"Salt Lake City, Ut",Cal State Bakersfield
604,Brooke Boiseau,Fr,6'1,"Scottsdale, Az",Cal State Bakersfield
605,Desiree Sukhov,Fr,6'0,"Murrieta Valley, Ca",Cal State Bakersfield
606,Emily Hansen,Fr,5'10,"Bakersfield, Ca",Cal State Bakersfield
607,Emily Lopes,Sr,5'7,"Bakersfield, Ca",Cal State Bakersfield
608,Fabina Andrade,Sr,5'7,"Sao Paulo, Brazil",Cal State Bakersfield
609,Hannah Manzanares,Jr,5'7,"Phoenix, Az",Cal State Bakersfield
610,Haylee Roberts,R-Sr,6'2,"Bakersfield, Ca",Cal State Bakersfield
611,Kayla Tinker,So,5'9,"San Clemente, Ca",Cal State Bakersfield
612,Krista Hernandez,Fr,5'5,"Culver City, Ca",Cal State Bakersfield
613,Madi Busler,So,5'11,"Aurora, Co",Cal State Bakersfield
614,Marina Sanches,R-Jr,6'3,"Sao Paulo, Brazil",Cal State Bakersfield
615,Mattison Degarmo,Jr,6'3,"Castle Rock, Co",Cal State Bakersfield
616,Sarah Garrow,So,5'10,"Vancouver, Wa",Cal State Bakersfield
617,Sydney Haynes,GS,6'2,"Vancouver, Wa",Cal State Bakersfield
618,Sydney Wicks,R-Jr,5'8,"Aurora, Co",Cal State Bakersfield
619,Tasha Skabelund,Fr,6'0,"Stevenson Ranch, Ca",Cal State Bakersfield
620,Allison Beckman,Jr,,"Apex, NC",College of Charleston
621,Brittany Velez,Sr,,"Mt Pleasant, S.C.",College of Charleston
622,Devon Rachel,Jr,,"Louisville, Ky",College of Charleston
623,Ella Ridinger,Fr,,"Glen Ellyn, Ill",College of Charleston
624,Jane Feddersen,Sr,,"Leesburg, Va",College of Charleston
625,Katja Ehlers,So,,"Raleigh, NC",College of Charleston
626,Kennedy Madison,Jr,,"Evansville, Ind",College of Charleston
627,Krissy Mummey,Sr,,"Hudson, Oh",College of Charleston
628,Lauren Hollman,Sr,5'10,"Union, Ky",College of Charleston
629,Lauren Freed,So,,"Troy, Oh",College of Charleston
630,Logan Manusky,Fr,,"San Diego, Ca",College of Charleston
631,Mandy Napierala,So,,"Irondequoit, N.Y.",College of Charleston
632,Mckala Rhodes,Jr,,"Charleston, SC",College of Charleston
633,Megan Morris,Jr,,"Mt Pleasant, S.C.",College of Charleston
634,Meghan Murphy,So,,"Orange, Ca",College of Charleston
635,Natalie Tucker,Sr,,"Isle of Palms, S.C.",College of Charleston
636,Peyton Eisnaugle,So,,"Dallas, Tx",College of Charleston
637,Riana  Brennan,Sr,,"Los Gatos, Ca",College of Charleston
638,Taylor Foley,Jr,,"Agoura Hills, Ca",College of Charleston
639,Anna Grauel,Jr,6'0,"Montclair, Va",UNC Wilmington
640,Brynn Montgomery,Fr,6'0,"Fort Collins, Co",UNC Wilmington
641,Cassie Thompson,Fr,5'7,"Brown Summit, N.C.",UNC Wilmington
642,Courtney Mullinax,Jr,5'5,"Wilmington, N.C.",UNC Wilmington
643,Elena Turnbull,Fr,5'10,"Salisbury, N.C.",UNC Wilmington
644,Halle Hunt,Jr,5'11,"Greensboro, NC",UNC Wilmington
645,Jaime Thomas,Fr,6'0,"Hamilton, Ontario (Canada)",UNC Wilmington
646,Jazzell Mangosing,Fr,5'2,"Virginia Beach, Va",UNC Wilmington
647,JM Lewandowski,Fr,6'0,"Hendersonville,Tn",UNC Wilmington
648,Kati Smith,So,5'9,"Raleigh, N.C.",UNC Wilmington
649,Katie McCullough,Jr,5'10,"Raleigh, NC",UNC Wilmington
650,Kyla Augustine,Fr,6'0,"St Charles, Ill",UNC Wilmington
651,Maddy Kline,Jr,6'1,"Palmyra, Va",UNC Wilmington
652,Nicole Lott,GS,5'11,"West Chester, Pa",UNC Wilmington
653,Raquel Rooney,So,5'7,"Raleigh, NC",UNC Wilmington
654,Reagan Evans,Fr,5'7,"Largo, Fl",UNC Wilmington
655,Sarah Kelly,Sr,6'0,"Raleigh, NC",UNC Wilmington
656,Allie Elson,Sr,5'6,"Woodstock, Ga",Georgia State
657,Amie  Held,GS,5'9,"Festus, Mo",Georgia State
658,Annika Van Gunst,GS,6'0,"Fayetteville, Ga",Georgia State
659,Ashley McGinn,Jr,5'9,"Sewell, NJ",Georgia State
660,Ashley Bauchert,Fr,5'9,"Allen, Tx",Georgia State
661,Brooke Weiner,Jr,5'11,"Ventura, Ca",Georgia State
662,Eden Hawes,Fr,5'8,"Panama City Beach, Fl",Georgia State
663,Georgia Johnson,So,5'11,"Brisbane, Queensland",Georgia State
664,Jessie Swaney,Sr,5'7,"McDonough, Ga",Georgia State
665,Kate Novack,So,5'9,"Fort Wayne, Ind",Georgia State
666,Maddie Gordon,So,6'0,"Fort Worth, Tx",Georgia State
667,Mattie Johnson,Fr,5'7,"Tabor City, NC",Georgia State
668,Meagan McCall,Fr,5'7,"Phoenix, Az",Georgia State
669,Olivia Stasevich,So,5'8,"Canton, Ga",Georgia State
670,Rebekah Brodbeck,Fr,5'9,"San Antonio, Tx",Georgia State
671,Teegan Van Gunst,GS,6'0,"Fayetteville, Ga",Georgia State
672,Tiffany Creamer,GS,6'2,"Newnan, Ga",Georgia State
673,Abigail Moss,So,5'10,"Kennesaw, Ga",Mercer
674,Amber Gibson,So,5'9,"Cypress, Tx",Mercer
675,Danielle Faust,Jr,5'11,"Reading, Pa",Mercer
676,Elli Merchant,Fr,6'0,"Bedford, Tx",Mercer
677,Elli Gibson,Fr,5'4,"Cincinnati, Oh",Mercer
678,Emilee Wissmach,Fr,,"Savannah, Ga",Mercer
679,Gracie Garanich,Fr,5'10,"Maineville, Oh",Mercer
680,Jessica Johnson,Sr,5'10,"Oswego, Ill",Mercer
681,Kacy Ogden,Fr,5'9,"Alva, Fl",Mercer
682,Kylie Keeling,Fr,5'5,"Fresco, Tx",Mercer
683,Lela Mcintosh,Sr,5'8,"Austin, Tx",Mercer
684,Madison Kerr,Sr,5'8,"Atlanta, Ga",Mercer
685,Marina Chavez,Sr,6'0,"Guatemala City, Guatemala",Mercer
686,Sarah Stewart,Fr,,"Savannah, Ga",Mercer
687,Sophie Peel,Sr,5'10,"Portland, Ore",Mercer
688,Abbie Harry,So,6'0,"Frederick, Md",Central Arkansas
689,Aly Brinkley,Fr,5'10,"Conway, Ar",Central Arkansas
690,Brittany Whiting,Fr,5'6,"Austin, Tx",Central Arkansas
691,Colene Hamilton,Fr,5'8,"Columbia,Ill",Central Arkansas
692,Delaney Driver,GS,5'9,"Wichita Falls, Tx",Central Arkansas
693,Hayley Tippett,Jr,6'0,"Roanoke, Tx",Central Arkansas
694,Jessica Martinez,Jr,5'7,"Parker, Co",Central Arkansas
695,Kelsey Sager,Fr,5'10,"Wichita Falls, Tx",Central Arkansas
696,Kimberly Schnars,Jr,5'8,"Downey, Ca",Central Arkansas
697,Kristine Hjembo,Jr,5'11,"Aalesund, Norway",Central Arkansas
698,Mackenzie  Dear,So,5'8,"Conway, Ark",Central Arkansas
699,MC Rogers,Sr,6'2,"Collierville, Tn",Central Arkansas
700,Megan Nash,Jr,6'0,"Oakville, Canada",Central Arkansas
701,Shelby Holmes,GS,6'0,"Lawrence, Tx",Central Arkansas
702,Stephanie Pollnow,Sr,6'0,"Beebe, Ark",Central Arkansas
703,Ali Svorinic,Sr,5'7,"Scottsdale, Az",Colorado Mesa
704,Ara Norwood,Fr,5'6,"Ridgway, Co",Colorado Mesa
705,Ashton Reese,Fr,6'1,"Eaton, Co",Colorado Mesa
706,Hailey Crane,So,6'0,"Bothell, Wash",Colorado Mesa
707,Hana Peterman,Jr,5'9,"Tucson, Az",Colorado Mesa
708,Julia Baskin,So,6'0,"Arvada, Co",Colorado Mesa
709,Kasie Gilfert,R-Fr,6'0,"Aurora, Co",Colorado Mesa
710,Katie Scherr,So,6'0,"Bismarck, N.D.",Colorado Mesa
711,Lindy Dixon,So,5'9,"Eaton, Co",Colorado Mesa
712,Megan Gianinetti,Sr,6'0,"Carbondale, Co",Colorado Mesa
713,Natalee Todd,Jr,5'9,"Bismarck, N.D.",Colorado Mesa
714,Rachael Perrine,Fr,5'11,"Aurora, Co",Colorado Mesa
715,Samantha Ritter,So,5'10,"Tinley Park, Ill",Colorado Mesa
716,Taylor Woods,Jr,5'4,"Glendale, Az",Colorado Mesa
717,Bethany Salapek,Fr,5'3,"Raleigh, NC",Jacksonville
718,Cristina Finan,Sr,5'9,"Weston, Fl",Jacksonville
719,Forfeit  1,,,,Jacksonville
720,Forfeit  2,,,,Jacksonville
721,Hannah Marchand,Fr,5'11,"Sturgis, Mi",Jacksonville
722,Katie Krawczyk,Jr,5'8,"Ovledo, Fl",Jacksonville
723,Kendall Murr,Fr,5'9,"Yorktown, In",Jacksonville
724,Lauren Petersen,Jr,5'11,"Liberty, Mo",Jacksonville
725,Mackenzie Swan,Sr,5'10,"Colorado Springs, Co",Jacksonville
726,Madison  Rayam,Fr,5'10,"Alabaster, Al",Jacksonville
727,Mallory Mattingly,So,"5'10""","Sanford, Fla. / Seminole",Jacksonville
728,Morgan Dees,So,5'7,"Marietta, Ga",Jacksonville
729,Olga Nushtayeva,Sr,5'11,"Palm Coast, Fl",Jacksonville
730,Savannah Siegrist,Fr,5'9,"Davidsonville, Md",Jacksonville
731,Shaylee Befus,,5'7,"Brighton, Co",Jacksonville
732,Shelby Babowicz,Sr,5'8,"Hollywood, Fl",Jacksonville
733,Tori Reiser,So,5'7,"Weston, Fl",Jacksonville
734,Vanessa Richards,So,5'8,"Marietta, Ga",Jacksonville
735,Blaire Register,,,,UNF
736,Britney Krueger,So,5'8,"Fort Walton Beach, Fl",UNF
737,Brittany Pase,R-Jr,5'9,"Crestview, Fl",UNF
738,Callie Workman,Fr,5'7,"Tallahassee, Fl",UNF
739,Carina Hoff,R-Sr,6'2,"Eustis, Fl",UNF
740,Carolyn Cain,Fr,5'9,"Purcellville, Va",UNF
741,Casey Justice,Fr,5'8,"Panama City Beach, Fl",UNF
742,Chaney Howard,Jr,5'7,"St. Cloud, Fl",UNF
743,Courtney Miller,R-Jr,5'10,"Waxahachie, Tx",UNF
744,Gabby O'Connell,So,6'0,"Gainesville, Fl",UNF
745,Leah Maloney,So,6'0,"Cincinnati, Oh",UNF
746,Madilyn McCarty,So,6'0,"Springfield, Ill",UNF
747,Mallory Waggoner,GS,6'0,"Sarasota, Fl",UNF
748,Marissa Rogers,Fr,5'7,"Crestview, Fl",UNF
749,Nicole DeBolt,Jr,5'7,"Ocala, Fl",UNF
750,Sadie Thurston,Sr,5'11,"Ponte Vedra, Fl",UNF
751,Taryn Griffey,So,6'1,"Wildwood, Mo",UNF
752,Alex Kells,Fr,6'0,"Burlington, Ontario, Canada",UAB
753,Alyssa Kirkman,Jr,5'11,"Naperville, Ill",UAB
754,Annie Pringle,R-So,5'11,"Victoria, BC, Canada",UAB
755,Avei Logoleo,Sr,5'9,"Nashville, Tn",UAB
756,Avery Hoven,R-Sr,5'11,"Hoover, Al",UAB
757,Bethany Whitenton,Fr,5'9,"Gainesville, Ga",UAB
758,Brittney Munro,So,6'4,"Cypress, Tx",UAB
759,Devon May,GS,5'9,"Roberts Creek, BC, Canada",UAB
760,Emily Martinez,Jr,5'8,"San Antonio, Tx",UAB
761,Erin Bognar,GS,6'2,"St Louis, Mo",UAB
762,Gabbi Moreno,Sr,5'10,"Houston, Tx",UAB
763,Haley Jared,Sr,5'11,"Hartselle, Al",UAB
764,Kaylee McClure,Fr,5'6,"Kennesaw, Ga",UAB
765,Kenley Adams,So,6'0,"Panama City, Fl",UAB
766,Morgan Smith,So,5'7,"Cincinnati, Oh",UAB
767,Rachel Evans,Jr,5'8,"St. Petersburg, Fl",UAB
768,Sallianne Napolitano,Fr,,"Bordentown Township, N.J.",UAB
769,Tressa Buckland,Jr,5'10,"Park City, Ut",UAB
770,Alanya Ryan,Fr,5'11,"Fort Myers, Fl",FGCU
771,Amanda Carroll,Jr,5'10,"Albuquerque, NM",FGCU
772,Ashley Glickert,Sr,5'10,"Chesterfield, Mo",FGCU
773,Courtney VanLiew,Fr,5'11,"Seymour, In",FGCU
774,Giovanna Borgiotti,So,5'10,"Vienna, Va",FGCU
775,Kaitlan Krivdo,Jr,6'0,"Hope Mills, NC",FGCU
776,Karissa Rhoades,Jr,5'11,"Valrico, Fl",FGCU
777,Katherine Puisis,Jr,5'11,"Mason, Oh",FGCU
778,Kayla Whetstone,Fr,5'8,"Arlington, Tx",FGCU
779,Kellie Pernula,Jr,5'7,"Plant City, Fl",FGCU
780,Mackenzie Allen,Sr,5'10,"Naples, Fl",FGCU
781,Snowy Burnam,Fr,5'11,"Palm City, Fl",FGCU
782,Ashley Clingan,Jr,5'5,"Jacksonville, Al",Jacksonville State
783,Bethany Randall,Fr,5'10,"Seffner, Fl",Jacksonville State
784,Charis Ludtke,Sr,5'11,"Hamburg, Germany",Jacksonville State
785,Grace Jarnagin,Fr,5'9,"Mill Creek, Wa",Jacksonville State
786,Hailey Hughes,So,5'8,"Bloomfield Hills, Mi",Jacksonville State
787,Hannah Kirk,Sr,5'3,"Katy, Tx",Jacksonville State
788,Katie Will,Jr,5'6,"Clearwater, Fl",Jacksonville State
789,Kayla Frear,So,6'3,"Colorado Springs, Co",Jacksonville State
790,Kaylie Milton,Fr,5'11,"Fullerton, Ca",Jacksonville State
791,Kim Krutsinger,R-So,6'2,"Colorado Springs, Co",Jacksonville State
792,Mackenzie Rombach,Jr,6'1,"Ottawa, Ill",Jacksonville State
793,Maddie Cloutier,So,5'6,"Brighton, Co",Jacksonville State
794,Madison Cooler,Fr,5'8,"Ridgeland, SC",Jacksonville State
795,Rachel Perucki,So,5'6,"Tomball, Tx",Jacksonville State
796,Sadie Anderson,So,6'0,"Phoenix, Az",Jacksonville State
797,Sam Bogdan,Fr,5'9,"New Port Richey, Fl",Jacksonville State
798,Shayla Schmidt,So,6'0,"Peoria, Az",Jacksonville State
799,Ally Carr,Fr,5'7,"Ontario, Canada",New Orleans
800,Blessings Dunn,Jr,"5'8""","Jacksonville, Ala. / Jacksonville HS",New Orleans
801,Brianna Vega,So,5'10,"San Antonio, Tx",New Orleans
802,Cara Sander,R-Sr,6'0,"Wiesbaden, Germany",New Orleans
803,Jordan Schumacher,Fr,5'9,"Gilbert, Az",New Orleans
804,Kaitlyn Grice,Jr,6'2,"Valrico, Fl",New Orleans
805,Madison Miller,Jr,5'6,"Granbury, Tx",New Orleans
806,Manela Grau,Jr,5'6,"Valencia, Spain",New Orleans
807,Maxine Walsh,Fr,5'11,"Leonia, New Jersey",New Orleans
808,Rachel Kuhn,So,5'6,"El Cajon, Ca",New Orleans
809,Rhyan  Rand,So,"5'7""","Lindale, Texas / Lindale HS",New Orleans
810,Veronica Corcoran,So,5'10,"Closter, Nj",New Orleans
811,Victoria Corcoran,So,5'10,"Closter, Nj",New Orleans
812,Abigail O'Ferrell,Jr,5'11,"Labelle, Fl",Eckerd
813,Arielle Erillo,Jr,5'3,"Lake Worth, Fl",Eckerd
814,Fernanda  Reis,So,5'11,"Rio de Janeiro, Brazil",Eckerd
815,Jordan Duffy,Fr,5'8,"Palm Harbor, Fl",Eckerd
816,Kaitlyn Sibson,Sr,5'8,"Tampa, Fl",Eckerd
817,Kali Boatwright,So,5'10,"Lakeland, Fl",Eckerd
818,Mackenzie Redner,Sr,6'0,"Truckee, Ca",Eckerd
819,Madison  Whiting,Sr,6'0,"Lithia, Fl",Eckerd
820,Paula Hoffman,Fr,5'9,"Rio de Janeiro, Brazil",Eckerd
821,Rachel Cornatzer,Jr,5'10,"Oldsmar, Fl",Eckerd
822,Samantha Bevilacqua,Fr,5'10,"Newfield, N.J.",Eckerd
823,Savanna Cary,Sr,5'9,"Boynton Beach, Fl",Eckerd
824,Stephanie Bogda,Jr,5'7,"Levittown, NY",Eckerd
825,Allison Weimer,Fr,5'10,"Covington, La",Spring Hill College
826,Angela McClain,R-Fr,5'10,"New Orleans, La",Spring Hill College
827,Brittany  Bilotti,So,5'6,"Miami, Fl",Spring Hill College
828,Caroline Herrera,Jr,5'9,"Austin, Tx",Spring Hill College
829,Cassidi Sterrett,R-Fr,5'7,"Lee's Summit, Mo",Spring Hill College
830,Catherine Milwee,Sr,5'6,"Mobile, Al",Spring Hill College
831,Emily Greim,Jr,5'9,"McKinney, Tx",Spring Hill College
832,Emily Sullivan,R-Fr,5'9,"Chicago, Ill",Spring Hill College
833,Emmarose Neibert,So,5'7,"Arnold, Mo",Spring Hill College
834,Julie Vujnovich,Sr,5'9,"Belle Chasse, La",Spring Hill College
835,Katie Beth Gammon,Jr,5'8,"Plano, Tx",Spring Hill College
836,Landen Lake,R-Fr,5'0,"Tuscaloosa, Al",Spring Hill College
837,Mary Keller,Fr,6'0,"Kansas City, Mo",Spring Hill College
838,Morgan Eiland,Jr,6'2,"Mobile, Al",Spring Hill College
839,Paige Pappas,Fr,5'11,"Chicago, Ill",Spring Hill College
840,Patty Blood,So,5'11,"Cincinnati, Oh",Spring Hill College
841,Payton Gidney,So,5'9,"Grapevine, Tx",Spring Hill College
842,Rebecca Moore,Fr,5'6,"Grand Bay, Al",Spring Hill College
843,Ryann Horkavy,Fr,5'11,"Chicago, Ill",Spring Hill College
844,Sarah Senft,So,5'10,"Spring Grove, Pa",Spring Hill College
845,Taylor Hurst,So,5'11,"Gulf Shores, Al",Spring Hill College
846,Abby Struewing,Fr,5'5,"Lebanon, Oh",Carson-Newman
847,Aryana Fazelnia,Fr,5'8,"Weston, Fl",Carson-Newman
848,Catherine Cook,Sr,5'4,"Morristown, Tn",Carson-Newman
849,Gabrielle Bailey,Sr,5'8,"Pompano Beach, Fl",Carson-Newman
850,Grace Seymour,Fr,5'10,"Hudson, Fl",Carson-Newman
851,Kelly Hughes,So,5'8,"Woodbridge, Va",Carson-Newman
852,Lauren Williams,Fr,5'7,"Carrollton, Ga",Carson-Newman
853,Lexi Headley,Fr,5'7,"Sharps Chapel, Tn",Carson-Newman
854,Lexie Acevedo,Fr,5'7,"Newport, Tn",Carson-Newman
855,Micah Depetro,Fr,6'0,"Knoxville, Tn",Carson-Newman
856,Micah Palmer,Fr,5'7,"White Pine, Tn",Carson-Newman
857,Montgomery Sauter,Fr,5'4,"Columbia, S.C.",Carson-Newman
858,Morgan Harlan,Sr,6'2,"Ladera Ranch, Ca",Carson-Newman
859,Summer Coulter,Fr,5'7,"El Paso, Tx",Carson-Newman
860,Aleksandra Djuric,Sr,5'11,"Belgrade, Serbia",Coastal Carolina
861,Aristea Tontai,Fr,6'4,"Athens, Greece",Coastal Carolina
862,Autumn Otto,Jr,5'9,"Carlisle, Pa",Coastal Carolina
863,Carla Cahill,Jr,5'8,"Oak Lawn, Ill",Coastal Carolina
864,Christina Nance,Fr,6'3,"Bowie, Md",Coastal Carolina
865,Dora Lulic,Sr,6'2,"Osijek, Croatia",Coastal Carolina
866,Haylie Beck,Fr,5'7,"Powell, Oh",Coastal Carolina
867,Kalin Eske,Fr,5'8,"Milwaukee, Wi",Coastal Carolina
868,Kaylah House,Fr,6'3,"Atlanta, Ga",Coastal Carolina
869,Kinga Windisch,So,6'2,"Budapest, Hungary",Coastal Carolina
870,Kyla Manning,Fr,6'0,"Atlanta, Ga",Coastal Carolina
871,Leah Hardeman,Sr,5'10,"Clarkston, Ga",Coastal Carolina
872,Sara Boothe,,,,Coastal Carolina
873,Shelby Ladewig,Sr,5'9,"Houston, Tx",Coastal Carolina
874,Sydney Alvis,Jr,5'4,"Maidans, Va",Coastal Carolina
875,Tanner Gauthier,Fr,5'10,"Nokomis, Fl",Coastal Carolina
876,Abigail Devido,Fr,5'9,"Ashburn, Va",Texas A&M; Corpus Christi
877,Chloe Simon,Fr,,"Katy, Tx",Texas A&M; Corpus Christi
878,Demi McInnis,Fr,5'7,"Cypress, Tx",Texas A&M; Corpus Christi
879,Gabriella Johnston,Fr,5'7,"Kerrville, Tx",Texas A&M; Corpus Christi
880,Jenna Krenek,Fr,,"Houston, Tx",Texas A&M; Corpus Christi
881,Kayla Walker,Fr,5'9,"Murrieta, Ca",Texas A&M; Corpus Christi
882,Madi Fitzsimmons,Jr,6'0,"Murphy, Tx",Texas A&M; Corpus Christi
883,Madison Green,Jr,5'8,"Dripping Springs, Tx",Texas A&M; Corpus Christi
884,Maya Daukas,Fr,5'10,"Santa Monica, Ca",Texas A&M; Corpus Christi
885,Naomi Overstreet,Jr,5'11,"Oakland, Ca",Texas A&M; Corpus Christi
886,Olivia  Rook,Jr,5'9,"Arlington, Tx",Texas A&M; Corpus Christi
887,Rachel Young,Fr,,"Frisco, Tx",Texas A&M; Corpus Christi
888,Selina Marolf,Fr,5'11,"Bern, Switzerland",Texas A&M; Corpus Christi
889,Ashtin Olin,Fr,5'11,"Pasco, Wa","Cal State University, Sacramento"
890,Brie Gathright,Jr,5'11,"Vacaville, Ca","Cal State University, Sacramento"
891,Brigitte Murdock,Sr,5'6,"Reno, Nv","Cal State University, Sacramento"
892,Cianna Andrews,Fr,5'10,"Bellflower, Ca","Cal State University, Sacramento"
893,Erin Cochran,Sr,6'3,"Fremont, Ca","Cal State University, Sacramento"
894,Hannah Meadows,Sr,5'7,"Sparks, Nv","Cal State University, Sacramento"
895,Kennedy Kurtz,Sr,5'10,"Tucson, Az","Cal State University, Sacramento"
896,Lana Brown,Sr,6'0,"Redding, Ca","Cal State University, Sacramento"
897,Macey Hayden,Fr,5'11,"Lincoln, Ca","Cal State University, Sacramento"
898,Mikaela Nocetti,Jr,5'11,"Carmichael, Ca","Cal State University, Sacramento"
899,Paige Swinney,So,5'11,"Sugar Land, Tx","Cal State University, Sacramento"
900,Sarah Falk,Fr,6'1,"Longmont, Co","Cal State University, Sacramento"
901,Sarah Davis,So,5'10,"Paradise Valley, Az","Cal State University, Sacramento"
902,Shannon Boyle,Sr,5'11,"Ridgefield, Wa","Cal State University, Sacramento"
903,Skyler Takeda,Jr,5'9,"Vacaville, Ca","Cal State University, Sacramento"
904,Amber Rose,Sr,6'0,"Cypress, Ca",Concordia
905,Asia O'Neil,So,5'7,"Rancho Mirage, Ca",Concordia
906,Avery Keathley,So,,"Watsonville, Ca",Concordia
907,Hailey Gaines,Sr,6'0,"Mission Viejo, Ca",Concordia
908,Jaclyn Brown,,,,Concordia
909,Jessica Diederich,Sr,,"Omaha, Ne",Concordia
910,Julia Denboer,,,,Concordia
911,Kekela Hendrickson,Fr,,,Concordia
912,Kersti Whitney,Sr,,,Concordia
913,Kyra Auten,Sr,6'0,"Northridge, Ca",Concordia
914,Marcela Frazzoni,Sr,5'10,"Santiago, Chile",Concordia
915,Riley Gill,Fr,,"Carlsbad, Ca",Concordia
916,Tristan Self,Sr,5'6,"Helmet, Ca",Concordia
917,Vanessa Bernzen,Fr,,,Concordia
918,Ashley Slay,Sr,5'11,"Nashville, Tn",Austin Peay State
919,Brooke Moore,Fr,5'10,"Louisville, Ky",Austin Peay State
920,Caroline Waite,Fr,5'9,"Knoxville, Tn",Austin Peay State
921,Cecily Gable,Jr,5'10,"Memphis, Tn",Austin Peay State
922,Chloe Stitt,Fr,5'8,"Summitville, Ind",Austin Peay State
923,Claire Darland,Fr,5'10,"Lexington, Ky",Austin Peay State
924,Ginny Gerig,So,5'5,"Towanda, Ill",Austin Peay State
925,Haley Turner,Fr,5'9,"Flagstaff, Az",Austin Peay State
926,Jenna Panning,So,6'1,"Columbus, Oh",Austin Peay State
927,Katelyn Theiss,Fr,5'10,"DeSoto, Mo",Austin Peay State
928,Kaylee Taff,Jr,6'0,"Houston, Tx",Austin Peay State
929,MiMi Arrington,So,5-8,"Yorktown, Ind",Austin Peay State
930,Nina Korfhage,Fr,5'4,"Louisville, Ky",Austin Peay State
931,Hannah Phillips,So,6'1,"Orient, Oh",UT Martin
932,Hayley Gray,Sr,6'0,"Watseka, Ill",UT Martin
933,Jemima Idemudia,Sr,6'2,"Glendale, Az",UT Martin
934,Kelly Lean,Sr,5'9,"Victoria, Australia",UT Martin
935,Macy Catlett,So,5'4,"St. Louis, Mo",UT Martin
936,Macy Reigelsperger,Sr,5'10,"Coldwater, Oh",UT Martin
937,Rachel Noffsinger,Sr,6'0,"Anna, Ohio",UT Martin
938,Sarah Shaw,Jr,5'11,"Collierville, Tn",UT Martin
939,Alyssa Cecil,Jr,5'7,"Cedar Park, Tx",Morehead State
940,Chandler Clark,So,5'9,"Seymour, Ind",Morehead State
941,Danielle McCarson,R-So,5'3,"Lagrange, Ky",Morehead State
942,Jessica  Hall,R-Jr,5'9,"Prestonburg, Ky",Morehead State
943,Jessie Wachtman,R-Jr,6'2,"Pickerington, Oh",Morehead State
944,Jordan Jones,Jr,6'3,"Blythewood, SC",Morehead State
945,Karlee Reynolds,So,6'3,"Plain City, Oh",Morehead State
946,Lauren Rokey,Fr,6'0,"Eureka, Ill",Morehead State
947,Liz Allen,So,5'11,"Stillwell, Kan",Morehead State
948,Maddie Fella,Jr,6'3,"Santa Claus, Ind",Morehead State
949,Olivia Lohmeier,Fr,6'0,"Cincinnati, Oh",Morehead State
950,Rachel Moore,,,,Morehead State
951,Taylor Hodges,Fr,5'8,"Floyds Knobs, In",Morehead State
952,Alejandra Negron,Fr,5'9,"Bayamon, Puerto Rico",CSULA
953,Alma Serna,Sr,6'4,"Mission Viejo, Ca",CSULA
954,Bailey Anderson,Fr,5'8,"Irvine, Ca",CSULA
955,Caitlyn Bato,So,5'2,"Rowland Heights, Ca",CSULA
956,Cynthia Giron,Jr,5'5,"Rancho Cucamonga, Ca",CSULA
957,Daisia LaBrie,Jr,5'11,"Riverside, Ca",CSULA
958,Daisy Portillo,Fr,6'2,"Duarte, Ca",CSULA
959,Daisy Crenshaw,Fr,6'2,"Los Angeles, Ca",CSULA
960,Erianna Williams,Jr,5'10,"Sacramento, Ca",CSULA
961,Janessa Mata,Fr,5'8,"San Diego, Ca",CSULA
962,Jeshmarie Suarez,Fr,5'3,"Bayamon, Puerto Rico",CSULA
963,Karla Santos,Fr,5'8,"Manati, Puerto Rico",CSULA
964,Kelsey Molnar,Sr,5'8,"Monrovia, Ca",CSULA
965,Michelle Boyd,Jr,5'6,"Sylmar, Ca",CSULA
966,Nicole Efseaff,Sr,5'7,"Chico, Ca",CSULA
967,Sifa Faaiu,Sr,5'11,"San Francisco, Ca",CSULA
968,Summer Hansen,Fr,6'2,"Corona, Ca",CSULA
969,Victoria Duarte,Fr,6'2,"Alta Loma, Ca",CSULA
970,Erin Umbel,Fr,5'9,"Helotes, Tx",Texas A&M; Kingsville
971,Gabby Atchley,So,6'0,"Concord, Ca",Texas A&M; Kingsville
972,Haley Hutchinson,Jr,6'1,"Georgetown, Tx",Texas A&M; Kingsville
973,Kadi Shipman,So,5'4,"Georgetown, Tx",Texas A&M; Kingsville
974,Kelby Sprinkles,So,5'10,"Little River, Tx",Texas A&M; Kingsville
975,Kylexus Block,Fr,5'8,"San Antonio, Tx",Texas A&M; Kingsville
976,Kyra Henderson,Sr,5'3,"Carlsbad, Ca",Texas A&M; Kingsville
977,Loren Washington,Jr,,"Round Rock, Tx",Texas A&M; Kingsville
978,Macy Berg,Fr,5'7,"San Antonio, Tx",Texas A&M; Kingsville
979,Madeleine  Sims,Sr,5'10,"Aztec, N.M.",Texas A&M; Kingsville
980,Madison Brabham,Jr,5'10,"Kingwood, Tx",Texas A&M; Kingsville
981,Malee Sowa,So,5'8,"Sealy, Tx",Texas A&M; Kingsville
982,Sarah  Miller,So,5'10,"Long Beach, Ca",Texas A&M; Kingsville
983,Shelby Tate,Fr,5'10,"New Braunfels, Tx",Texas A&M; Kingsville
984,Tenley Housler,Fr,5'10,"Bulverde, Tx",Texas A&M; Kingsville
985,Whitney Walker,Fr,5'9,"Bellingham, Wa",Texas A&M; Kingsville
986,Allie Kemp,Jr,5'4,"Tulsa, Ok",ULM
987,Bailey Smith,Jr,5'10,"Rockwell, Tx",ULM
988,Catherine Griffith,Jr,6'3,"Morrisville, N.C.",ULM
989,Gabby Love,Jr,5'10,"Fort Worth, Tx",ULM
990,Grace Convey,So,5'10,"Brisbane, Australia",ULM
991,Holland Ponthieux,So,5'9,"West Monroe, La",ULM
992,Kayla Gallant,Fr,,"Cambridge, Ontario",ULM
993,Maile Sellers,Fr,,"Oceanside, Ca",ULM
994,McKenna Webster,Fr,,"Longmont, Co",ULM
995,Rebecca Brown,GS,5'7,"Valrico, Fl",ULM
996,Taylor  Meyer,Fr,,"New Orleans, La",ULM
997,Brilee Henson,Fr,5'9,"Bronton, Mo",Missouri Baptist University
998,Caterina Cigarini,So,6'5,"Modena, Italy",Missouri Baptist University
999,Georgia Park,Fr,5'6,"Auckland, New Zealand",Missouri Baptist University
1000,Kamden Maas,Jr,5'6,"Carlsbad, Ca",Missouri Baptist University
1001,Kelly Wilson,So,6'1,"O'Fallon, Mo",Missouri Baptist University
1002,Kristen Williams,Jr,5'10,"Ironton, Mo",Missouri Baptist University
1003,Maggie Sorensen,Jr,6'1,"St Louis, Mo",Missouri Baptist University
1004,Mallory Moran,Jr,5'11,"St. Louis, Mo",Missouri Baptist University
1005,Marion Couraud,Sr,6'1,"Tourrettes sur du Loup, France",Missouri Baptist University
1006,Megan Williams,So,5'10,"Ironton, Mo",Missouri Baptist University
1007,Natalie Hecht,So,5'5,"St Louis, Mo",Missouri Baptist University
1008,Rachel Luebbers,Jr,5'6,"St Louis, Mo",Missouri Baptist University
1009,Rachel  Poole,So,5'10,"Marble Hill, Mo",Missouri Baptist University
1010,Sam Kurm,,,,Missouri Baptist University
1011,Sarah Wilson,Fr,5'6,"Desoto, Mo",Missouri Baptist University
1012,Sarah Bolton,So,5'5,"St Louis, Mo",Missouri Baptist University
1013,Amanda Burton,Jr,6'0,"Gilbert, Az",Benedictine
1014,Anokina Mirzapour,Sr,5'6,"San Jose, Ca",Benedictine
1015,Ariah Evans,Jr,6'0,"Phoenix, Az",Benedictine
1016,Benesia Rodriguez,So,5'3,"San Antonio, Tx",Benedictine
1017,Caitlan Sammons,So,5'7,"Chandler, Az",Benedictine
1018,Dani Burke,Jr,5'7,"Kennwick, Wa",Benedictine
1019,Destiny Ramirez,So,5'4,"Laveen, Az",Benedictine
1020,Hannah Marang,Sr,6'1,"Yakima, Wa",Benedictine
1021,Hayden Boucher,Fr,5'2,"Phoenix, Az",Benedictine
1022,Jackie Woods,Fr,5'11,"Menifee, Ca",Benedictine
1023,Kassandra Renteria,So,5'8,"Tanopah, Az",Benedictine
1024,Kat McCullough,Fr,5'7,"Queen Creek, Az",Benedictine
1025,Leosha Barker,R-Jr,6'0,"Phoenix, Az",Benedictine
1026,Lexi Fetui,Jr,5'8,"Las Vegas, Nv",Benedictine
1027,Madison Peters,Sr,5'9,"Avondale, Az",Benedictine
1028,Megan Block,Jr,6'0,"Scottsdale, Az",Benedictine
1029,Mikayla Flores,R-Fr,5'7,"Florence, Az",Benedictine
1030,Mykahla Smith,Fr,5'8,"Mesa, Az",Benedictine
1031,Pinkie Ranger,So,5'6,"Phoenix, Az",Benedictine
1032,Stephanie Burton,Sr,5'2,"Garden Grove, Ca",Benedictine
1033,Sydney Nelson,So,6'0,"Gilbert, Az",Benedictine
1034,Taylor Bradley,Jr,5'9,"Maricopa, Az",Benedictine
1035,Victoria  Prokic,So,6'1,"Sykesville, Md",Stevenson
1036,Annika Schwartz,Sr,5'10,"Damascus, Md",Stevenson
1037,Caroline Dangel,So,5'6,"Sykesville, Md",Stevenson
1038,Chelsea  Ireland,Jr,5'11,"Huntingtown, Md",Stevenson
1039,Darian Hileman,So,5'11,"Bristow, Va",Stevenson
1040,Emily Castro,So,5'9,"Whitehall, Pa",Stevenson
1041,Jessi Freeman,Fr,5'10,"Virginia Beach, Va",Stevenson
1042,Julie Nightwine,So,5'8,"Mechanicsburg, Pa",Stevenson
1043,Katie Leftridge,So,5'10,"Felton, Pa",Stevenson
1044,Katie McGuire,Sr,5'11,"Cornelius, N.C.",Stevenson
1045,Lauren Jan,Jr,5'10,"Bethesda, Md",Stevenson
1046,Lauren Weaver,Sr,5'10,"My Airy, Md",Stevenson
1047,Lizi Cudal,Fr,5'8,"Carlsbad, Ca",Stevenson
1048,Moriah Savage,Jr,5'9,"Owings Mill, Md",Stevenson
1049,Rysleigh Reeves,Fr,5'9,"Williamsburg, Va",Stevenson
1050,Sarah Riggin,Fr,5'4,"Sykesville, Md",Stevenson
1051,Sarah Manderson,Fr,6'0,"Davidsonville, Md",Stevenson
1052,Trang Christensen,So,5'6,"Mullica Hill, N.J.",Stevenson
1053,Alexia Jeangrand,Fr,,"North Vancouver, Canada",Principia
1054,Amanda Roberts,So,,"Alton, Ill",Principia
1055,Anna Webster,So,,"St Louis, Mo",Principia
1056,Cha Cha Fisher,Sr,,"Santa Barbara, Ca",Principia
1057,Devon Marunde,So,,"Mchenry, Ill",Principia
1058,Emelie Frederikson,GS,,"St Louis, Mo",Principia
1059,Emma Herman,Sr,,"Walnut Creek, Ca",Principia
1060,Jessica Bayne,Fr,,"Tequesta, Fl",Principia
1061,Leigh Weathers,Jr,,"Ballwin, Mo",Principia
1062,Libby Lewis,So,,"Chesterfield, Mo",Principia
1063,Makena Patterson,Jr,,"St Louis, Mo",Principia
1064,Mesa Goebel,So,,"Custer, S.D.",Principia
1065,Nikki Matters,So,,"Mount Prospect, Ill",Principia
1066,Sarah Ungerleider,Fr,,"Cherry Hill, N.J.",Principia
1067,Victoria Vandiver,So,,"St Louis, Mo",Principia
1068,Alexandra Gonzalez,Fr,5'7,"Miami, Fl",Warner
1069,Anna Baker,So,5'11,"Glen Ridge, NJ",Warner
1070,Ashley Kube,So,5'8,"Merritt Island, Fl",Warner
1071,Becca Bowlin,So,5'9,"Peoria, Ill",Warner
1072,Chelsea Forbes,Fr,5'7,"Jacksonville, Fl",Warner
1073,Cheyenne Miller,So,5'11,"Sarasota, Fl",Warner
1074,Keana Smalls,Jr,5'9,"Layton, Utah",Warner
1075,Madison Kleinmeier,Fr,5'9,"Dunedin, Fl",Warner
1076,Marissa Intoppa,Sr,5'8,"Lake Worth, Fl",Warner
1077,Shelby McCulley,Fr,5'8,"Orlando, Fl",Warner
1078,Sydney Ackermann,Fr,5'11,"Sanford, Fl",Warner
1079,Vanessa Boitnott,Jr,5'10,"West Palm Beach, Fl",Warner
1080,Abby Cash,GS,5'10,"New Carlisle, Oh",Lincoln Memorial
1081,Alicia Kessler,Fr,6'2,"Jackson Center, Oh",Lincoln Memorial
1082,Beka Wachob,So,5'8,"Milton, Fl",Lincoln Memorial
1083,Danielle Ged,Jr,5'10,"Smyrna, Tn",Lincoln Memorial
1084,Danielle Stachura,R-So,5'7,"Pleasant Prairie, Wi",Lincoln Memorial
1085,Erica Whiteaker,Jr,5'3,"Kingston Springs, Tn",Lincoln Memorial
1086,Hailey Lake,Fr,5'4,"New Port Richey, Fl",Lincoln Memorial
1087,Kai Wesemann,Jr,5'10,"Pleasant Hill, Mo",Lincoln Memorial
1088,Kayla Kidney,Sr,5'9,"Chandler, Az",Lincoln Memorial
1089,Lindsey Nartker,So,5'10,"New Carlisle, Oh",Lincoln Memorial
1090,Olivia Brock,Fr,5'10,"Lima, Oh",Lincoln Memorial
1091,Rylee Storms,R-So,6'0,"Grand Rapids, Mi",Lincoln Memorial
1092,Sarah  Jones,Fr,5'4,"Murfreesboro, Tn",Lincoln Memorial
1093,Shyanne Tallman,Fr,5'5,"Camp Lejeune, NC",Lincoln Memorial
1094,Sidney Killingsworth,Fr,6'2,"Chattanooga, Tn",Lincoln Memorial
1095,Tone Gill,R-Jr,5'9,"Nashville, Tn",Lincoln Memorial
1096,Amber Lake,So,5'9,"New Port Richey, Fl",Webber
1097,Carlee Baxter,So,5'6,"Daytona Beach, Fl",Webber
1098,Emily Bowen,Fr,5'10,"Olathe, Ks",Webber
1099,Hannah Tannone,So,5'6,"West Palm, Fl",Webber
1100,Jessica Terry,Fr,5'8,"Phoenix, Az",Webber
1101,Jordan McIntyre,So,5'7,"Spring Hill, Fl",Webber
1102,Kaxandra Naranjo,Sr,5'7,"Phoenix, Az",Webber
1103,Kobi Allston,Fr,5'8,"San Leandro, Ca",Webber
1104,Laura Embry,So,5'9,"Warburton, Australia",Webber
1105,Molly Fusarelli,Fr,5'8,"Orange, Conn",Webber
1106,Salla Rautiainen,Fr,5'10,Finland,Webber
1107,Teryn Mills,Jr,5'2,"Parker, Co",Webber
1108,Addison Genard,Fr,,"Mobile, Al",Huntingdon
1109,Alex Hillman,Jr,5'4,"Muscle Shoals, Al",Huntingdon
1110,Alexis Creasman,So,5'9,"Mary Esther, Fl",Huntingdon
1111,Amy Tyma,Fr,,"Cleveland, Oh",Huntingdon
1112,April Reese,So,,"Starkville, Ms",Huntingdon
1113,Bria Rochelle,Sr,5'6,"Mobile, Al",Huntingdon
1114,Cheyenne Scarborough,Fr,,"Virginia Beach, Va",Huntingdon
1115,Emily Fedonczak,Fr,,"Niceville, Fl",Huntingdon
1116,Jessica Brunk,Fr,,"Prattville, Al",Huntingdon
1117,Kaitlyn Carter,Jr,5'8,"Enterprise, Ga",Huntingdon
1118,Lexie DeVuyst,So,5'8,"Blountstown, Fl",Huntingdon
1119,Margaret Rhodes,Fr,,"Montgomery, Al",Huntingdon
1120,Nichole LeFevre,Jr,,"Crestview, Fl",Huntingdon
1121,Shelby McAllister,Fr,,"Franklin, Tn",Huntingdon
1122,Shelby Young,So,5'8,"Niceville, Fl",Huntingdon
1123,Alyssa Doucette,Fr,6'0,"Eagan, Mn",Missouri State
1124,Ashley Ophoven,Jr,6'1,"Ozark, Mo",Missouri State
1125,Aubrey Cheffey,So,6'2,"Nixa, Mo",Missouri State
1126,Caroline Finnell,Sr,6'1,"Chesterfield, Mo",Missouri State
1127,Ivy Reynolds,GS,5'11,"Ozark, Mo",Missouri State
1128,Julia Hanson,So,6'0,"Fort Atkinson, Wis",Missouri State
1129,Kelsey Larsen,So,5'9,"Springfield, Mo",Missouri State
1130,Keylee Hawkins,Jr,5'9,"Nixa, Mo",Missouri State
1131,Lynsey Wright,Sr,6'0,"Glen Carbon, Ill",Missouri State
1132,Maddie Beck,Fr,5'9,"Hot Springs, Ark",Missouri State
1133,Mikaela Mosquera,Jr,6'1,"West Chicago, Ill",Missouri State
1134,Sam Brinkmann,Fr,5'8,"St Louis, Mo",Missouri State
1135,Sarah Demmer,Sr,6'0,"Lee's Summit, Mo",Missouri State
1136,Sydney Wright,So,5'8,"Glen Carbon, Ill",Missouri State
1137,Taylor Fricano,GS,6'4,"Palatine, Ill",Missouri State
1138,Veronica Snelling,Fr,5'10,"Glen Ellyn, Ill",Missouri State
1139,Alyssa Doucette,Fr,6'0,"Eagan, Mn",Irvine Valley College
1140,Ashley Ophoven,Jr,6'1,"Ozark, Mo",Irvine Valley College
1141,Aubrey Cheffey,So,6'2,"Nixa, Mo",Irvine Valley College
1142,Caroline Finnell,Sr,6'1,"Chesterfield, Mo",Irvine Valley College
1143,Ivy Reynolds,GS,5'11,"Ozark, Mo",Irvine Valley College
1144,Julia Hanson,So,6'0,"Fort Atkinson, Wis",Irvine Valley College
1145,Kelsey Larsen,So,5'9,"Springfield, Mo",Irvine Valley College
1146,Keylee Hawkins,Jr,5'9,"Nixa, Mo",Irvine Valley College
1147,Lynsey Wright,Sr,6'0,"Glen Carbon, Ill",Irvine Valley College
1148,Maddie Beck,Fr,5'9,"Hot Springs, Ark",Irvine Valley College
1149,Mikaela Mosquera,Jr,6'1,"West Chicago, Ill",Irvine Valley College
1150,Sam Brinkmann,Fr,5'8,"St Louis, Mo",Irvine Valley College
1151,Sarah Demmer,Sr,6'0,"Lee's Summit, Mo",Irvine Valley College
1152,Sydney Wright,So,5'8,"Glen Carbon, Ill",Irvine Valley College
1153,Taylor Fricano,GS,6'4,"Palatine, Ill",Irvine Valley College
1154,Veronica Snelling,Fr,5'10,"Glen Ellyn, Ill",Irvine Valley College
1155,Angela Docena,Fr,5'2,Escondido HS,Mira Costa College
1156,Bella  Gama,Fr,5'8,Ridgefield HS,Mira Costa College
1157,Celin Macdonald,Fr,6'2,Maple Mountain HS,Mira Costa College
1158,Chloe Tripp,So,6'0,McKinleyville HS,Mira Costa College
1159,Claire Kinder,So,5'10,Arcata HS,Mira Costa College
1160,Claudia Mathews,So,5'11,La Costa Canyon HS,Mira Costa College
1161,Halie Hess,Fr,5'9,Roseville HS,Mira Costa College
1162,Hayley Huntsman,So,5'11,Bonanza HS,Mira Costa College
1163,Jazleigh Ortiz,So,5'8,Imperial HS,Mira Costa College
1164,Kacy Hele,R-Fr,5'8,Granite Hills HS,Mira Costa College
1165,Lana Salzar,So,5'7,Espa√±ola Valley HS,Mira Costa College
1166,Madison Merkow,Fr,5'8,Chaparral HS,Mira Costa College
1167,Madison Anderson,Fr,6'1,Ralston Valley HS,Mira Costa College
1168,Michelle Mason,Fr,5'6,Wood River HS,Mira Costa College
1169,Reilly Bosworth,So,6'1,San Pasqual HS,Mira Costa College
1170,Savannah Castellanos,Fr,5'6,Torrey Pines HS,Mira Costa College
1171,Violeti Faleumu,So,6'0,Vista HS,Mira Costa College
1172,Angela Docena,Fr,5'2,Escondido HS,Victor Valley College
1173,Bella  Gama,Fr,5'8,Ridgefield HS,Victor Valley College
1174,Celin Macdonald,Fr,6'2,Maple Mountain HS,Victor Valley College
1175,Chloe Tripp,So,6'0,McKinleyville HS,Victor Valley College
1176,Claire Kinder,So,5'10,Arcata HS,Victor Valley College
1177,Claudia Mathews,So,5'11,La Costa Canyon HS,Victor Valley College
1178,Halie Hess,Fr,5'9,Roseville HS,Victor Valley College
1179,Hayley Huntsman,So,5'11,Bonanza HS,Victor Valley College
1180,Jazleigh Ortiz,So,5'8,Imperial HS,Victor Valley College
1181,Kacy Hele,R-Fr,5'8,Granite Hills HS,Victor Valley College
1182,Lana Salzar,So,5'7,Espa√±ola Valley HS,Victor Valley College
1183,Madison Merkow,Fr,5'8,Chaparral HS,Victor Valley College
1184,Madison Anderson,Fr,6'1,Ralston Valley HS,Victor Valley College
1185,Michelle Mason,Fr,5'6,Wood River HS,Victor Valley College
1186,Reilly Bosworth,So,6'1,San Pasqual HS,Victor Valley College
1187,Savannah Castellanos,Fr,5'6,Torrey Pines HS,Victor Valley College
1188,Violeti Faleumu,So,6'0,Vista HS,Victor Valley College
1189,Angela Docena,Fr,5'2,Escondido HS,Cabrillo
1190,Bella  Gama,Fr,5'8,Ridgefield HS,Cabrillo
1191,Celin Macdonald,Fr,6'2,Maple Mountain HS,Cabrillo
1192,Chloe Tripp,So,6'0,McKinleyville HS,Cabrillo
1193,Claire Kinder,So,5'10,Arcata HS,Cabrillo
1194,Claudia Mathews,So,5'11,La Costa Canyon HS,Cabrillo
1195,Halie Hess,Fr,5'9,Roseville HS,Cabrillo
1196,Hayley Huntsman,So,5'11,Bonanza HS,Cabrillo
1197,Jazleigh Ortiz,So,5'8,Imperial HS,Cabrillo
1198,Kacy Hele,R-Fr,5'8,Granite Hills HS,Cabrillo
1199,Lana Salzar,So,5'7,Espa√±ola Valley HS,Cabrillo
1200,Madison Merkow,Fr,5'8,Chaparral HS,Cabrillo
1201,Madison Anderson,Fr,6'1,Ralston Valley HS,Cabrillo
1202,Michelle Mason,Fr,5'6,Wood River HS,Cabrillo
1203,Reilly Bosworth,So,6'1,San Pasqual HS,Cabrillo
1204,Savannah Castellanos,Fr,5'6,Torrey Pines HS,Cabrillo
1205,Violeti Faleumu,So,6'0,Vista HS,Cabrillo
1206,Angela Docena,Fr,5'2,Escondido HS,Foothill College
1207,Bella  Gama,Fr,5'8,Ridgefield HS,Foothill College
1208,Celin Macdonald,Fr,6'2,Maple Mountain HS,Foothill College
1209,Chloe Tripp,So,6'0,McKinleyville HS,Foothill College
1210,Claire Kinder,So,5'10,Arcata HS,Foothill College
1211,Claudia Mathews,So,5'11,La Costa Canyon HS,Foothill College
1212,Halie Hess,Fr,5'9,Roseville HS,Foothill College
1213,Hayley Huntsman,So,5'11,Bonanza HS,Foothill College
1214,Jazleigh Ortiz,So,5'8,Imperial HS,Foothill College
1215,Kacy Hele,R-Fr,5'8,Granite Hills HS,Foothill College
1216,Lana Salzar,So,5'7,Espa√±ola Valley HS,Foothill College
1217,Madison Merkow,Fr,5'8,Chaparral HS,Foothill College
1218,Madison Anderson,Fr,6'1,Ralston Valley HS,Foothill College
1219,Michelle Mason,Fr,5'6,Wood River HS,Foothill College
1220,Reilly Bosworth,So,6'1,San Pasqual HS,Foothill College
1221,Savannah Castellanos,Fr,5'6,Torrey Pines HS,Foothill College
1222,Violeti Faleumu,So,6'0,Vista HS,Foothill College
1223,Camille Finley,Fr,6'1,San Benito HS,Gavilan College
1224,Christa Arroyo,So,5'5,Christopher HS,Gavilan College
1225,Emily  Jensen,Fr,6'2,Utah State,Gavilan College
1226,Evelyn  Clonts,Fr,6'1,Gilroy HS,Gavilan College
1227,Greysen Gilroy,Fr,5'7,Monte Vista Christian HS,Gavilan College
1228,Haley Leifheit,So,5'11,San Benito HS,Gavilan College
1229,Jenna Clonts,So,5'11,Gilroy HS,Gavilan College
1230,Kaitlyn Viray,Fr,5'9,Christopher HS,Gavilan College
1231,Kaitlyn Siaz,Fr,5'7,North Salinas HS,Gavilan College
1232,Karishma Brooks,So,5'9,Mountain House HS,Gavilan College
1233,Katie Dizon,Fr,5'8,Anzar HS,Gavilan College
1234,Lex Chavarria,Fr,5'10,San Benito HS,Gavilan College
1235,Mikeila Banda,Fr,5'8,Notre Dame Salinas HS,Gavilan College
1236,Sarah Weiby,Fr,5'11,Gilroy HS,Gavilan College
1237,Sierra Gaeta,So,5'5,Notre Dame San Jose HS,Gavilan College
1238,Camille Finley,Fr,6'1,San Benito HS,West Valley College
1239,Christa Arroyo,So,5'5,Christopher HS,West Valley College
1240,Emily  Jensen,Fr,6'2,Utah State,West Valley College
1241,Evelyn  Clonts,Fr,6'1,Gilroy HS,West Valley College
1242,Greysen Gilroy,Fr,5'7,Monte Vista Christian HS,West Valley College
1243,Haley Leifheit,So,5'11,San Benito HS,West Valley College
1244,Jenna Clonts,So,5'11,Gilroy HS,West Valley College
1245,Kaitlyn Viray,Fr,5'9,Christopher HS,West Valley College
1246,Kaitlyn Siaz,Fr,5'7,North Salinas HS,West Valley College
1247,Karishma Brooks,So,5'9,Mountain House HS,West Valley College
1248,Katie Dizon,Fr,5'8,Anzar HS,West Valley College
1249,Lex Chavarria,Fr,5'10,San Benito HS,West Valley College
1250,Mikeila Banda,Fr,5'8,Notre Dame Salinas HS,West Valley College
1251,Sarah Weiby,Fr,5'11,Gilroy HS,West Valley College
1252,Sierra Gaeta,So,5'5,Notre Dame San Jose HS,West Valley College
1253,Arizona Webb,Fr,5'8,Elko HS,Feather River College
1254,Chloe Hampton,Fr,5'11,"Oakland, Ca",Feather River College
1255,Cortney Blumenthal,Fr,5'8,Boulder City HS,Feather River College
1256,Cyan Blackdeer,So,5'9,Legend HS,Feather River College
1257,Delihah Cardenas,Fr,5'7,Eastwood HS,Feather River College
1258,Jada Barnes,Fr,5'4,Bret Harte HS,Feather River College
1259,Jillian Wright,So,5'11,Elko HS,Feather River College
1260,Kaaleya Price,Fr,5'9,Midwest Christian Academy,Feather River College
1261,Kaitlyn Dingle,Fr,5'7,Quincy HS,Feather River College
1262,Katie McKay,So,5'7,Terra Nova HS,Feather River College
1263,Kyla Kincaid,So,5'4,Churchill County HS,Feather River College
1264,Madison Howard,Fr,5'10,Kimball HS,Feather River College
1265,Precious Helekahi,So,5'3,Hana HS,Feather River College
1266,Ramsey Weber,So,5'8,Willows HS,Feather River College
1267,Rebekah Grammer,Fr,5'5,Quincy HS,Feather River College
1268,Anastasia McCauley,Fr,,Arcata HS,College of the Redwoods
1269,Courtney Wilkinson,So,,La Quinta HS,College of the Redwoods
1270,Elise Wilson,Fr,,Golden Sierra HS,College of the Redwoods
1271,Katy Shumard,Fr,,Eureka HS,College of the Redwoods
1272,Luz Chavez-Contreras,Fr,,Arcata HS,College of the Redwoods
1273,Magnolia Gutierrez,Fr,,East Union HS,College of the Redwoods
1274,Savannah Humburger,Fr,,Earnest McBride HS,College of the Redwoods
1275,Anastasia McCauley,Fr,,Arcata HS,San Joaquin Delta College
1276,Courtney Wilkinson,So,,La Quinta HS,San Joaquin Delta College
1277,Elise Wilson,Fr,,Golden Sierra HS,San Joaquin Delta College
1278,Katy Shumard,Fr,,Eureka HS,San Joaquin Delta College
1279,Luz Chavez-Contreras,Fr,,Arcata HS,San Joaquin Delta College
1280,Magnolia Gutierrez,Fr,,East Union HS,San Joaquin Delta College
1281,Savannah Humburger,Fr,,Earnest McBride HS,San Joaquin Delta College
1282,Alex Cook,Fr,5'7,Nevada Union HS,Sierra College
1283,Bella Orteza,So,5'3,Placer HS,Sierra College
1284,Brittany Boerstra,So,5'11,"Osterhout, Netherlands",Sierra College
1285,Gabrielle Roberts,Fr,6'3,Whitnery HS,Sierra College
1286,Grace Sanders,Fr,6'0,Foresthill HS,Sierra College
1287,Grace Lemmo,So,5'7,Vista del Lago HS,Sierra College
1288,Jasmine Dean,Fr,5'11,Colfax HS,Sierra College
1289,Kalala Strickland,So,5'10,Oakmont HS,Sierra College
1290,Kapri Pelle,Fr,5'11,Placer HS,Sierra College
1291,Kylie Shinn,So,5'10,Colfax HS,Sierra College
1292,Maddy Rowland,So,5'10,Casa Roble HS,Sierra College
1293,Madison Meteer,Fr,5'10,Del Oro HS,Sierra College
1294,Meghan Merlino,Fr,5'10,Rio Americano HS,Sierra College
1295,Ryan Blackwood,So,5'2,Roseville HS,Sierra College
1296,Sara Schell,Fr,5'11,Bear River HS,Sierra College
1297,Savannah Schroeder,Fr,5'9,Ponderosa HS,Sierra College
1298,Alex Cook,Fr,5'7,Nevada Union HS,Cypress College
1299,Bella Orteza,So,5'3,Placer HS,Cypress College
1300,Brittany Boerstra,So,5'11,"Osterhout, Netherlands",Cypress College
1301,Gabrielle Roberts,Fr,6'3,Whitnery HS,Cypress College
1302,Grace Sanders,Fr,6'0,Foresthill HS,Cypress College
1303,Grace Lemmo,So,5'7,Vista del Lago HS,Cypress College
1304,Jasmine Dean,Fr,5'11,Colfax HS,Cypress College
1305,Kalala Strickland,So,5'10,Oakmont HS,Cypress College
1306,Kapri Pelle,Fr,5'11,Placer HS,Cypress College
1307,Kylie Shinn,So,5'10,Colfax HS,Cypress College
1308,Maddy Rowland,So,5'10,Casa Roble HS,Cypress College
1309,Madison Meteer,Fr,5'10,Del Oro HS,Cypress College
1310,Meghan Merlino,Fr,5'10,Rio Americano HS,Cypress College
1311,Ryan Blackwood,So,5'2,Roseville HS,Cypress College
1312,Sara Schell,Fr,5'11,Bear River HS,Cypress College
1313,Savannah Schroeder,Fr,5'9,Ponderosa HS,Cypress College
1314,Andrea Lopez,Fr,5'8,Mater Dei HS,Fullerton College
1315,Ashley Pruitt,Fr,5'6,El Dorado HS,Fullerton College
1316,Carlie Ortega,Fr,5'6,Bishop Amat HS,Fullerton College
1317,Catherine Serna,Fr,5'7,John F. Kennedy HS,Fullerton College
1318,Kailyn Case,Fr,5'11,Yorba Linda HS,Fullerton College
1319,Kaylyn Johnson,Fr,5'11,Colony HS,Fullerton College
1320,Kendall Campos,Fr,5'7,Esperanza HS,Fullerton College
1321,Kristine Perez,So,5'7,Valencia HS,Fullerton College
1322,Lauren Schaefer,Fr,5'9,Yorba Linda HS,Fullerton College
1323,Nakitta Masoe,Fr,5'9,Garden Grove HS,Fullerton College
1324,Prescilla Gutierrez,Fr,5'5,Los Altos HS,Fullerton College
1325,Samaria Longstreet,Fr,5'11,Lakewood HS,Fullerton College
1326,Akimi Fujikura,So,,Irvine HS,Golden West College
1327,Amanda Sosa,So,,Huntington Beach HS,Golden West College
1328,Andrea Gonzalez,So,,Redondo Union HS,Golden West College
1329,Ashleigh Atsaros,So,,Huntington Beach HS,Golden West College
1330,Cherene Uale,So,,Hillsdale HS,Golden West College
1331,Eden Vawaardenburg,Fr,,Marina HS,Golden West College
1332,Erica Cantley,So,,Cypress HS,Golden West College
1333,Holly Hennessy,Fr,,Marina HS,Golden West College
1334,Jasmine Gonzalez,So,,,Golden West College
1335,Jennifer Pham,Fr,,Westminster HS,Golden West College
1336,Keilani Pearson,Fr,,Huntington Beach HS,Golden West College
1337,Melissa Martinez,So,,,Golden West College
1338,Akimi Fujikura,So,,Irvine HS,Antelope Valley College
1339,Amanda Sosa,So,,Huntington Beach HS,Antelope Valley College
1340,Andrea Gonzalez,So,,Redondo Union HS,Antelope Valley College
1341,Ashleigh Atsaros,So,,Huntington Beach HS,Antelope Valley College
1342,Cherene Uale,So,,Hillsdale HS,Antelope Valley College
1343,Eden Vawaardenburg,Fr,,Marina HS,Antelope Valley College
1344,Erica Cantley,So,,Cypress HS,Antelope Valley College
1345,Holly Hennessy,Fr,,Marina HS,Antelope Valley College
1346,Jasmine Gonzalez,So,,,Antelope Valley College
1347,Jennifer Pham,Fr,,Westminster HS,Antelope Valley College
1348,Keilani Pearson,Fr,,Huntington Beach HS,Antelope Valley College
1349,Melissa Martinez,So,,,Antelope Valley College
1350,Alex Paris,So,5'10,Stockdale HS,Bakersfield College
1351,Bianca Logsdon,Fr,5'11,Stockdale HS,Bakersfield College
1352,Brooke Horack,So,5'10,Centennial HS,Bakersfield College
1353,Caitlyn Foreman,Fr,5'8,,Bakersfield College
1354,Haley Sanchez,So,5'5,Centennial HS,Bakersfield College
1355,Jourdan Muro,So,5'10,Centennial HS,Bakersfield College
1356,Rachel Hoover,Fr,5'10,Garces Memorial HS,Bakersfield College
1357,Reece Stevenson,So,5'6,Centennial HS,Bakersfield College
1358,Sarah Armendariz,Fr,5'9,Clovis West HS,Bakersfield College
1359,Shyanne Baez,Fr,5'4,Golden Valley HS,Bakersfield College
1360,Alex Paris,So,5'10,Stockdale HS,Moorpark College
1361,Bianca Logsdon,Fr,5'11,Stockdale HS,Moorpark College
1362,Brooke Horack,So,5'10,Centennial HS,Moorpark College
1363,Caitlyn Foreman,Fr,5'8,,Moorpark College
1364,Haley Sanchez,So,5'5,Centennial HS,Moorpark College
1365,Jourdan Muro,So,5'10,Centennial HS,Moorpark College
1366,Rachel Hoover,Fr,5'10,Garces Memorial HS,Moorpark College
1367,Reece Stevenson,So,5'6,Centennial HS,Moorpark College
1368,Sarah Armendariz,Fr,5'9,Clovis West HS,Moorpark College
1369,Shyanne Baez,Fr,5'4,Golden Valley HS,Moorpark College
1370,Armonee Hunter,So,5'9,Ventura HS,Ventura College
1371,Braxton Jessie,So,5'9,Kearney HS,Ventura College
1372,Carina Cates,So,5'9,Pacifica HS,Ventura College
1373,Caryssa Castrejon,R-So,5'5,Ventura HS,Ventura College
1374,Daisy  Martinez,So,5'4,St Bonaventure HS,Ventura College
1375,Danielle Garcia,Fr,5'6,Camarillo HS,Ventura College
1376,Janessa Simental,So,5'7,Oxnard HS,Ventura College
1377,Jordan Neria,Fr,5'5,Buena HS,Ventura College
1378,Kasie Spencer,Fr,5'7,Foothill Tech HS,Ventura College
1379,Madoline Bolish,R-So,5'10,Oxnard HS,Ventura College
1380,Payton Greiner,R-So,5'10,Foothill Tech HS,Ventura College
1381,Shea McKeown,Fr,5'6,Oxnard HS,Ventura College
1382,Sofia Gomez,Fr,5'9,Oxnard HS,Ventura College
1383,Taylor Benitez-Fanslow,Fr,5'10,Thousand Oaks HS,Ventura College
1384,Alex Hayes,So,5'5,Mission Viejo HS,Orange Coast College
1385,Devyn Holland,Fr,5'10,Santiago HS,Orange Coast College
1386,Enjelica Glatti,So,5'8,Woodbridge HS,Orange Coast College
1387,Georgia Grisham,Fr,5'6,Huntington Beach HS,Orange Coast College
1388,Hannah Reid,Fr,5'5,Huntington Beach HS,Orange Coast College
1389,Hannah Del Barto,Fr,5'5,"Vista Ridge, Tx",Orange Coast College
1390,Jadelyn Forgiarini,So,5'9,Edison HS,Orange Coast College
1391,Kacey Mathieson,Fr,5'6,Edison HS,Orange Coast College
1392,Keika Yoshizumi,So,5'7,La Quinta HS,Orange Coast College
1393,Molly Thee,Fr,5'5,Aliso Niguel HS,Orange Coast College
1394,Rylee Adair,Fr,5'2,"St Francis, Hi",Orange Coast College
1395,Sierra Lim,So,5'5,"Kaiser, Hi",Orange Coast College
1396,Sophie Ajang,Fr,5'7,Del Norte HS,Orange Coast College
1397,Tileree Johnson,Fr,5'8,"Castle, Hi",Orange Coast College
1398,Brittney Diffine,So,5'7,Poly HS,Riverside City College
1399,Delaney Beck,So,5'8,Poly HS,Riverside City College
1400,Julia Balancier,Fr,5'9,MLK HS,Riverside City College
1401,Kiara Oregon,Fr,5'8,Hillcrest HS,Riverside City College
1402,Lauren Dunmore,Fr,6'0,King HS,Riverside City College
1403,Madison Bogh,Fr,5'11,Citrus HS,Riverside City College
1404,Marcella Rodriguez,Fr,5'7,Moreno Valley HS,Riverside City College
1405,Natalie Escher,Fr,5'8,Redlands HS,Riverside City College
1406,Patricia Brucks,Fr,5'4,Poly HS,Riverside City College
1407,Roni Lopez,Fr,5'3,Grand Terrace HS,Riverside City College
1408,Rozarya Barrett,Fr,5'10,Upland HS,Riverside City College
1409,Taylor Gardner,Fr,5'3,Grand Terrace HS,Riverside City College
1410,Telanni Childs,Fr,6'1,Upland HS,Riverside City College
1411,Vanessa Dominiquez,Fr,5'6,Hillcrest HS,Riverside City College
1412,Antonette Rolda,So,5'7,Trabuco Hills HS,Saddleback College
1413,Avie Butsko,So,6'0,El Toro HS,Saddleback College
1414,Forfeit  1,,,,Saddleback College
1415,Forfiet 2,,,,Saddleback College
1416,Jillian Hewitt,Fr,5'7,Trabuco Hills HS,Saddleback College
1417,Kayla Logsdon,So,5'9,Mill Valley HS,Saddleback College
1418,Keara O'Brien-Pol,So,6'0,Exeter HS,Saddleback College
1419,Kiana  Camarlo,,,,Saddleback College
1420,Landry Armstrong,So,5'8,Combs HS,Saddleback College
1421,Michelle Solt,,,,Saddleback College
1422,Nicolette Spriggs,So,5'7,JSerra HS,Saddleback College
1423,Stevie Wenzel,,,,Saddleback College
1424,Sydnee Cunico,,,,Saddleback College
1425,Britany Tran,Fr,5'2,Fountain Valley HS,Santa Ana College
1426,Carla Carrion,So,5'2,Santa Ana Valley HS,Santa Ana College
1427,Destinee Blue,So,5'9,Segerstrom HS,Santa Ana College
1428,Dianna Nguyen,So,5'6,Magnolia HS,Santa Ana College
1429,Hannah Degrasse,So,5'11,California HS,Santa Ana College
1430,Iliana Mendoza,So,5'10,Segerstrom HS,Santa Ana College
1431,Jasmin Cardona,So,5'4,Godinez HS,Santa Ana College
1432,Karissa Mumford,Fr,5'8,Kennedy HS,Santa Ana College
1433,Kassandra Murillo,So,6'0,Loara HS,Santa Ana College
1434,Kayla Long,Fr,5'3,Downey HS,Santa Ana College
1435,Lily Reissmueller,So,5'10,El Modena HS,Santa Ana College
1436,Mikelle Taylor,So,5'9,Godinez HS,Santa Ana College
1437,Stephanie Huerta,Fr,5'1,Valencia HS,Santa Ana College
1438,Taylor  Hernandez,Fr,5'7,La Habra HS,Santa Ana College
1439,Virideana Pacheco,Fr,6'1,Godinez HS,Santa Ana College
1440,Viridiana Serrano,So,5'7,Godinez HS,Santa Ana College
1441,Aaliyah Charley,So,5'9,Thermal Coachella Valley HS,College of the Desert
1442,Alysha Garcia,So,5'6,Thermal Desert Mirage HS,College of the Desert
1443,Ashley Schwartz,So,5'9,Yucca Valley HS,College of the Desert
1444,Ashtyn Lyneis,Fr,5'9,Palm Springs HS,College of the Desert
1445,Baylie Dashner,Fr,5'11,La Quinta HS,College of the Desert
1446,Brooke Topliff,Fr,5'6,Rancho Mirage HS,College of the Desert
1447,Crishayla Jackson,So,6'0,Desert Hot Springs HS,College of the Desert
1448,Emily Sundback,Fr,5'7,Rancho Mirage HS,College of the Desert
1449,Esmeralda Ordaz,So,5'9,Indio HS,College of the Desert
1450,Genesis Garza,Fr,5'7,Thermal Desert Mirage HS,College of the Desert
1451,Hannah Laliberte,Fr,5'10,La Quinta HS,College of the Desert
1452,Joanna Garcia,So,5'6,Thermal Desert Mirage HS,College of the Desert
1453,Jomarie Viloria,Fr,5'8,Rancho Mirage HS,College of the Desert
1454,London Felder,So,5'6,Rancho Cucamonga Alta Loma HS,College of the Desert
1455,Marisol Ruiz,So,6'0,Thermal Desert Mirage HS,College of the Desert
1456,Naomi Garcia,Fr,5'8,Rancho Mirage HS,College of the Desert
1457,Nicole Svoboda,Fr,6'0,La Quinta HS,College of the Desert
1458,Shay Mesa,So,5'5,Indio Shadow Hils HS,College of the Desert
1459,Alexcis Morris,Fr,6'4,"Menifee, Ca",Grossmont College
1460,Alexis Vanlandingham,Fr,6'0,"Alpine, Ca",Grossmont College
1461,Aofiaolela Faa'agi,Fr,6'0,"Murrieta, Ca",Grossmont College
1462,Ashlee Goycoochea,Fr,5'8,"San Diego, Ca",Grossmont College
1463,Ashley Whipple,Fr,6'2,"El Cajon, Ca",Grossmont College
1464,Briana Ayon,So,6'0,"Chula Vista, Ca",Grossmont College
1465,Carly Gonzalez,Fr,5'11,"Bonita, Ca",Grossmont College
1466,Christina Barrameda,So,5'6,"Ramona, Ca",Grossmont College
1467,Desiree Howard,So,6'0,"Riverside, Ca",Grossmont College
1468,Desiree Elizondo,Fr,5'4,"Temecula, Ca",Grossmont College
1469,Erin Roberts,Fr,5'8,"Chula Vista, Ca",Grossmont College
1470,Felicia Marshall,So,5'9,"Clinton, Ut",Grossmont College
1471,Jamie Sakasegawa,Fr,5'4,"San Diego, Ca",Grossmont College
1472,Julia Holden,Fr,5'7,"Coronado, Ca",Grossmont College
1473,Kayli Barrera,Fr,5'4,"San Diego, Ca",Grossmont College
1474,Khalia Jordan,So,5'8,"Chula Vista, Ca",Grossmont College
1475,Kiersten Kerch,So,6'2,"San Diego, Ca",Grossmont College
1476,Kylee Snyder,Fr,5'7,"San Diego, Ca",Grossmont College
1477,Laurie Orbita,Fr,5'2,"Chula Vista, Ca",Grossmont College
1478,Maiya Lopez,Fr,5'6,"San Diego, Ca",Grossmont College
1479,Makayla Tam,So,5'10,"Woodland, Ca",Grossmont College
1480,Naomi Talisa Leilua,Fr,5'9,"Redondo Beach, Ca",Grossmont College
1481,Nicole Donais,So,6'0,"Ramona, Ca",Grossmont College
1482,Sheay Isbell,Fr,5'9,"Ramona, Ca",Grossmont College
1483,Talia  Young,Fr,5'6,Waimea HS,Grossmont College
1484,Alexcis Morris,Fr,6'4,"Menifee, Ca",Palomar College
1485,Alexis Vanlandingham,Fr,6'0,"Alpine, Ca",Palomar College
1486,Aofiaolela Faa'agi,Fr,6'0,"Murrieta, Ca",Palomar College
1487,Ashlee Goycoochea,Fr,5'8,"San Diego, Ca",Palomar College
1488,Ashley Whipple,Fr,6'2,"El Cajon, Ca",Palomar College
1489,Briana Ayon,So,6'0,"Chula Vista, Ca",Palomar College
1490,Carly Gonzalez,Fr,5'11,"Bonita, Ca",Palomar College
1491,Christina Barrameda,So,5'6,"Ramona, Ca",Palomar College
1492,Desiree Howard,So,6'0,"Riverside, Ca",Palomar College
1493,Desiree Elizondo,Fr,5'4,"Temecula, Ca",Palomar College
1494,Erin Roberts,Fr,5'8,"Chula Vista, Ca",Palomar College
1495,Felicia Marshall,So,5'9,"Clinton, Ut",Palomar College
1496,Jamie Sakasegawa,Fr,5'4,"San Diego, Ca",Palomar College
1497,Julia Holden,Fr,5'7,"Coronado, Ca",Palomar College
1498,Kayli Barrera,Fr,5'4,"San Diego, Ca",Palomar College
1499,Khalia Jordan,So,5'8,"Chula Vista, Ca",Palomar College
1500,Kiersten Kerch,So,6'2,"San Diego, Ca",Palomar College
1501,Kylee Snyder,Fr,5'7,"San Diego, Ca",Palomar College
1502,Laurie Orbita,Fr,5'2,"Chula Vista, Ca",Palomar College
1503,Maiya Lopez,Fr,5'6,"San Diego, Ca",Palomar College
1504,Makayla Tam,So,5'10,"Woodland, Ca",Palomar College
1505,Naomi Talisa Leilua,Fr,5'9,"Redondo Beach, Ca",Palomar College
1506,Nicole Donais,So,6'0,"Ramona, Ca",Palomar College
1507,Sheay Isbell,Fr,5'9,"Ramona, Ca",Palomar College
1508,Talia  Young,Fr,5'6,Waimea HS,Palomar College
1509,Alina Snyder,Fr,5'4,Mission Bay HS,San Diego Mesa College
1510,Devon Lee,Fr,5'3,High Tech High Intl,San Diego Mesa College
1511,Jhenalyn Germono,So,5'7,Otay Ranch HS,San Diego Mesa College
1512,Kylie Cassicippo,So,5'7,Temecula Valley HS,San Diego Mesa College
1513,Lizette Moore-Teague,So,5'8,Grossmont HS,San Diego Mesa College
1514,Melissa Pittelkau,Fr,5'10,Timberline HS,San Diego Mesa College
1515,Milla Anderson,Fr,5'9,Venture Independent,San Diego Mesa College
1516,Raven Casas,Fr,5'10,Hilltop HS,San Diego Mesa College
1517,Robyn Brooks,Fr,5'7,Healdsburg HS,San Diego Mesa College
1518,Sabrina Calcutt,So,5'11,Foothills Christian HS,San Diego Mesa College
1519,Sarah Connell,So,5'7,Clairemont HS,San Diego Mesa College
1520,Tiarah Tucker,So,5'1,Helix HS,San Diego Mesa College
1521,Aiko Waters,So,5'9,Leuzinger HS,El Camino College
1522,Athena Sio,Fr,5'6,Narbonne HS,El Camino College
1523,Chantell Miranda,Fr,5'3,Warren HS,El Camino College
1524,Gherlaine Biasca,Fr,5'1,Carson HS,El Camino College
1525,Glorious Owens,So,5'11,Venice HS,El Camino College
1526,Jaelin Reynaud,Fr,6'0,Washington Prep HS,El Camino College
1527,Jasmine Ligons,Fr,,Centennial HS,El Camino College
1528,Jaylin Motley,So,6'1,Torrance HS,El Camino College
1529,Jenny Lias,Fr,5'8,San Gabriel Academy,El Camino College
1530,Jessica Villasenor,Fr,,Narbonne HS,El Camino College
1531,Jewel Yandall,So,,Narbonne HS,El Camino College
1532,Jossie Tomita,Fr,5'3,Torrance HS,El Camino College
1533,Keily Morimoto,Fr,5'8,North Torrance HS,El Camino College
1534,Kiana Takahashi,So,5'4,Torrance HS,El Camino College
1535,Melanie Gurwell,Fr,,Torrance HS,El Camino College
1536,Melissa Euyoque,So,5'9,El Segundo HS,El Camino College
1537,Mikayla Clark,Fr,,South Torrance HS,El Camino College
1538,Natasha Dutko,Fr,,South Torrance HS,El Camino College
1539,Phina Leilua,Fr,5'10,Mira Costa HS,El Camino College
1540,Renee Brydon,So,5'11,South Torrance HS,El Camino College
1541,Sarah  Dyer,Fr,5'7,Palos Verdes HS,El Camino College
1542,Sophia Loiola,Fr,6'0,Redondo Union HS,El Camino College
1543,Aiko Waters,So,5'9,Leuzinger HS,Long Beach City College
1544,Athena Sio,Fr,5'6,Narbonne HS,Long Beach City College
1545,Chantell Miranda,Fr,5'3,Warren HS,Long Beach City College
1546,Gherlaine Biasca,Fr,5'1,Carson HS,Long Beach City College
1547,Glorious Owens,So,5'11,Venice HS,Long Beach City College
1548,Jaelin Reynaud,Fr,6'0,Washington Prep HS,Long Beach City College
1549,Jasmine Ligons,Fr,,Centennial HS,Long Beach City College
1550,Jaylin Motley,So,6'1,Torrance HS,Long Beach City College
1551,Jenny Lias,Fr,5'8,San Gabriel Academy,Long Beach City College
1552,Jessica Villasenor,Fr,,Narbonne HS,Long Beach City College
1553,Jewel Yandall,So,,Narbonne HS,Long Beach City College
1554,Jossie Tomita,Fr,5'3,Torrance HS,Long Beach City College
1555,Keily Morimoto,Fr,5'8,North Torrance HS,Long Beach City College
1556,Kiana Takahashi,So,5'4,Torrance HS,Long Beach City College
1557,Melanie Gurwell,Fr,,Torrance HS,Long Beach City College
1558,Melissa Euyoque,So,5'9,El Segundo HS,Long Beach City College
1559,Mikayla Clark,Fr,,South Torrance HS,Long Beach City College
1560,Natasha Dutko,Fr,,South Torrance HS,Long Beach City College
1561,Phina Leilua,Fr,5'10,Mira Costa HS,Long Beach City College
1562,Renee Brydon,So,5'11,South Torrance HS,Long Beach City College
1563,Sarah  Dyer,Fr,5'7,Palos Verdes HS,Long Beach City College
1564,Sophia Loiola,Fr,6'0,Redondo Union HS,Long Beach City College
1565,Alysha Tullar,Fr,5'11,Los Osos HS,Mt San Antonio College
1566,Alyssa Bloomfield,Fr,5'6,Diamond Bar HS,Mt San Antonio College
1567,Ashly Velazquez,Fr,5'8,Downey HS,Mt San Antonio College
1568,Brianda Valdez,Fr,5'3,Le Salle HS,Mt San Antonio College
1569,Jordon Wilson,Fr,6'1,Summit HS,Mt San Antonio College
1570,Kierra Coatney,Fr,5'9,Apple Valley HS,Mt San Antonio College
1571,Lauren Quinonez,So,5'9,Walnut HS,Mt San Antonio College
1572,Lindsey Lane,Fr,5'10,Bishop Amat HS,Mt San Antonio College
1573,Malia Carr,Fr,5'6,Arcadia HS,Mt San Antonio College
1574,Natalya Fajardo,Fr,5'3,Apple Valley HS,Mt San Antonio College
1575,Saipeti Fuiava,Fr,5'7,Legacy HS,Mt San Antonio College
1576,Shaianne Palos,Fr,5'10,Summit HS,Mt San Antonio College
1577,Sierra Lujan,Fr,5'8,Claremont HS,Mt San Antonio College
1578,Andrea  Velasco,Fr,5'8,Sonora HS,Rio Hondo College
1579,Bree Newton,So,5'10,South Hills HS,Rio Hondo College
1580,Denyse Perez,Fr,5'3,El Rancho HS,Rio Hondo College
1581,Felipa Moreno,Fr,5'8,Pioneer HS,Rio Hondo College
1582,Madelyn Gastelum,Fr,5'6,La Habra HS,Rio Hondo College
1583,Madison Mader,Fr,5'6,California,Rio Hondo College
1584,Mia  Ponce,Fr,5'5,Centennial HS,Rio Hondo College
1585,Michell Chavez-Valdivia,Fr,5'8,Sierra Vista HS,Rio Hondo College
1586,Michelle Hawkins,Fr,5'8,Brea Olinda HS,Rio Hondo College
1587,Michelle Rosas,Fr,5'11,Los Altos HS,Rio Hondo College
1588,Monica  Campos,Fr,6'0,Covina HS,Rio Hondo College
1589,Natalie Magallon,So,5'4,Bell Gardens HS,Rio Hondo College
1590,Sara  Harding,So,5'0,Covina HS,Rio Hondo College
1591,Stephanie Garcia,Fr,5'5,El Monte HS,Rio Hondo College
1592,Alexandra Misca,Jr,5'11,"Satu Mare, Romania",Tampa
1593,Brooklyn Wilson,Fr,5'9,"San Bernardino, Ca",Tampa
1594,Chally Korn,So,5'6,"Glenwood Springs, Co",Tampa
1595,Claire Blumenthal,Jr,5'5,"Tampa, Fl",Tampa
1596,Danielle Christian,Jr,5'10,"St Croix, U.S. Virgin Islands",Tampa
1597,Gabbi Pacatte,Jr,5'9,"Buffalo, N.Y.",Tampa
1598,Gen Beaumier,Jr,5'11,"Venice, Fl",Tampa
1599,Katie McKiel,So,5'11,"Colorado Springs, Co",Tampa
1600,Kenzie Erickson,So,5'6,"Wildwood, Mo",Tampa
1601,Leigh Buttner,GS,5'11,"St Petersburg, Fl",Tampa
1602,Marisa Beisner,Jr,5'4,"Port Charlotte, Fl",Tampa
1603,Melissa Elias,Fr,5'11,"Lake Mary, Fl",Tampa
1604,Melody Morales,Jr,5'8,"Manati, P.R.",Tampa
1605,Nicole Dominguez,So,5'8,"Apopka, Fl",Tampa
1606,Nylah Demps,Fr,6'0,"Tallahassee, Fl",Tampa
1607,Sarah Moore,Jr,5'9,"Alexandria, Va",Tampa
1608,Sorrel  Houghton,Fr,6'0,"Osteen, Fl",Tampa
1609,Taylor George,Fr,5'7,"Jupiter, Fl",Tampa
1610,Allie Geary,Sr,6'2,"Deland, Fl",Florida Southern
1611,Anna Tovo,Sr,5'11,"Aiken, SC",Florida Southern
1612,Casey Slezak,Fr,5'1,"Naperville, Il",Florida Southern
1613,Courtney Charneco,So,5'10,"Pembroke Pines, Fl",Florida Southern
1614,Emily Jones,Fr,5'9,"Auburndale, Fl",Florida Southern
1615,Gabbi Fresh,,,,Florida Southern
1616,Katelin Umberhandt,Fr,5'9,"Hapeville, Ga",Florida Southern
1617,Katie Lowe,Jr,5'8,"Winter Park, Fl",Florida Southern
1618,Katie Bergeron,Fr,5'8,"Danvers,Il",Florida Southern
1619,Kayla Dumon,Fr,5'3,"Lecanto, Fl",Florida Southern
1620,Kayla Trefren,Fr,5'10,"Hotchkiss, Co",Florida Southern
1621,Lauren Kenny,Sr,5'11,"Erie, Pa",Florida Southern
1622,Makena Wilson,So,5'7,"Chula Vista, Ca",Florida Southern
1623,Morgan Cleary,Fr,5'5,"Hernando, Fl",Florida Southern
1624,Nicole Mattson,,,,Florida Southern
1625,Sydney Marshall,Sr,6'1,"Norcross, Ga",Florida Southern
1626,Allie Daul,Fr,,"Grayslake, Ill",Saint Leo
1627,Anna Garrett,Fr,,"Merritt Island, Fl",Saint Leo
1628,Annabella Arcari,Fr,,"Shelby Township, Mi",Saint Leo
1629,Ashley Quero,Fr,,"Hialeah, Fl",Saint Leo
1630,Avery Bradshaw,So,,"Tampa, Fl",Saint Leo
1631,Britt Sederholm,Sr,,"Ogden, Ut",Saint Leo
1632,Brooke Turner,Fr,,"Tampa, Fl",Saint Leo
1633,Dallas Jasper,So,,"Annapolis, Md",Saint Leo
1634,Fabiola Rosado,Fr,,"Lakeland, Fl",Saint Leo
1635,Jamee Townsend,GS,,"Plant City, Fl",Saint Leo
1636,Jenya Kruglova,Sr,,"Moscow, Russia",Saint Leo
1637,Maddy Powell,Sr,,"Tampa, Fl",Saint Leo
1638,Nina Vattovaz,Fr,,"Trieste, Italy",Saint Leo
1639,Paloma Da Silva,Sr,,"Pocos De Caldas, Brazil",Saint Leo
1640,Reggie Van Devender,So,,"Phoenix, Az",Saint Leo
1641,Victoria Omoregie,Fr,,"Tampa, Fl",Saint Leo
1642,Amanda Chapa,So,5'5,"Pearland, Tx",Abilene Christian
1643,Amy Weiss,Jr,5'9,"Midwest Creek, Ok",Abilene Christian
1644,Brooke Riley,So,5'7,"Allen, Tx",Abilene Christian
1645,Courtney Miller,So,6'0,"San Antonio, Tx",Abilene Christian
1646,Eighmy Dobbins,So,5'10,"San Antonio, Tx",Abilene Christian
1647,Jacey Smith,Jr,5'11,"Wimberley, Tx",Abilene Christian
1648,Katelyn Mueller,Fr,6'0,"Sugar Land, Tx",Abilene Christian
1649,Kendall Bosse,Jr,5'11,"Ingram, Tx",Abilene Christian
1650,Kennedy Shelstead,Jr,6'0,"Lewisville, Tx",Abilene Christian
1651,Lauren Walker,Jr,5'10,"Round Rock, Tx",Abilene Christian
1652,Lexie Rawls,Fr,5'6,"Lubbock, Tx",Abilene Christian
1653,Lillan Drever,Jr,5'3,"Copperas Cove, Tx",Abilene Christian
1654,Lorin McNeil,Fr,5'11,"Rockwall, Tx",Abilene Christian
1655,Makenzie Kesler,So,6'0,"Coppell, Tx",Abilene Christian
1656,Maybeth Sandercox,So,5'11,"Lubbock, Tx",Abilene Christian
1657,Mikai Brown,Jr,5'8,"Longview, Tx",Abilene Christian
1658,Paris Cosley,Fr,5'11,"Round Rock, Tx",Abilene Christian
1659,Peyton Boutwell,So,6'3,"Lake Oswego, Or",Abilene Christian
1660,Sofia Resendiz,So,5'7,"San Antonio, Tx",Abilene Christian
1661,Angel Carroll,Fr,5'4,"Roy, Wa",Vanguard
1662,Bree Bolton,Fr,5'8,"Riverside, Ca",Vanguard
1663,Charity Dennis,Jr,5'8,"Cypress, Ca",Vanguard
1664,Dani Erdelatz,So,5'9,"Stockton, Ca",Vanguard
1665,Eliana Johnson,Fr,6'0,"Scottsdale, Az",Vanguard
1666,Gabby Morrison,Fr,5'10,"Paso Robles, Ca",Vanguard
1667,Hannah Holder,So,6'1,"Irvine, Ca",Vanguard
1668,Karli Burk,Fr,5'6,"Yucaipa, Ca",Vanguard
1669,Karly Cantu,So,5'5,"Spokane, Wa",Vanguard
1670,Kayla Tinker,Jr,5'9,"San Clemente, Ca",Vanguard
1671,Kelli Dowell,Jr,5'8,"Redlands, Ca",Vanguard
1672,Mackenzie Mitchell,Fr,5'3,"Costa Mesa, Ca",Vanguard
1673,Adriana Skipper,Sr,5'5,"Grand Prairie, Tx",Ottawa
1674,Alexandria Baker,Fr,5'7,"Westville, Ok",Ottawa
1675,Ayona Tharps,Fr,5'10,"Collinsville, Ill",Ottawa
1676,Breanna Vail,Fr,5'11,"Oswego, Ks",Ottawa
1677,Brooke Fearka,So,5'6,"Arlington, Tx",Ottawa
1678,Caitlyn Cox,Fr,5'10,"Norton, Ks",Ottawa
1679,Courtney Wheeler,Fr,5'11,"Gardner, Ks",Ottawa
1680,Destiny Crowder,Fr,5'7,"Ponca City, Ok",Ottawa
1681,Heather Huesman,So,5'5,"Overland Park, Ks",Ottawa
1682,Jamie Tonasket,Fr,5'9,"Raytown, Mo",Ottawa
1683,Jordan Wood,Fr,5'3,"Warrensburg, Mo",Ottawa
1684,Julianna Strode,Fr,5'10,"Bakersville, Ca",Ottawa
1685,Kenna Hall,Jr,6'1,"Desoto, Ks",Ottawa
1686,Liz Heit,Jr,5'5,"Augusta, Ks",Ottawa
1687,Makayla Aspegren,So,5'11,"Omaha, Ne",Ottawa
1688,Makayla Baker,Fr,5'7,"Westville, Ok",Ottawa
1689,Marissa Chalmers,Jr,5'9,"Lancaster, Tx",Ottawa
1690,Mikayla Wheeler,Fr,5'5,"Platte City, Mo",Ottawa
1691,Paige Krone,Fr,5'9,"Bonner Springs, Ks",Ottawa
1692,Stefanie Mitchell,Jr,5'9,"Chappell, Ne",Ottawa
1693,Yuleika Jimenez,So,6'0,"Caracas, Venezuela",Ottawa
1694,Ada Nadzakova,So,5'11,Beverly Hills HS,Santa Monica College
1695,Althea Roble,,,University HS,Santa Monica College
1696,Anna Engel,,,Yula HS,Santa Monica College
1697,Camyrne Sommaripa,Fr,6'1,La Quinta HS,Santa Monica College
1698,Carissa Avina-Beltran,So,5'4,,Santa Monica College
1699,Chelsea Bostwick,So,6'0,Malibu HS,Santa Monica College
1700,Elena Eckardt,Fr,5'10,Palm Springs HS,Santa Monica College
1701,Emmeline Clark,Fr,5'7,,Santa Monica College
1702,Hannah Douglass,So,5'9,Highland HS,Santa Monica College
1703,Kelsi Pich,So,5'6,Stevenson HS,Santa Monica College
1704,Megan Yoon,So,5'3,Culver City HS,Santa Monica College
1705,Morgan Tarpley,So,5'7,Culver City HS,Santa Monica College
1706,Paula  Hicks,Fr,5'7,Palmdale HS,Santa Monica College
1707,Taylor Burke,So,5'4,Culver City HS,Santa Monica College
1708,Ada Nadzakova,So,5'11,Beverly Hills HS,Marin College
1709,Althea Roble,,,University HS,Marin College
1710,Anna Engel,,,Yula HS,Marin College
1711,Camyrne Sommaripa,Fr,6'1,La Quinta HS,Marin College
1712,Carissa Avina-Beltran,So,5'4,,Marin College
1713,Chelsea Bostwick,So,6'0,Malibu HS,Marin College
1714,Elena Eckardt,Fr,5'10,Palm Springs HS,Marin College
1715,Emmeline Clark,Fr,5'7,,Marin College
1716,Hannah Douglass,So,5'9,Highland HS,Marin College
1717,Kelsi Pich,So,5'6,Stevenson HS,Marin College
1718,Megan Yoon,So,5'3,Culver City HS,Marin College
1719,Morgan Tarpley,So,5'7,Culver City HS,Marin College
1720,Paula  Hicks,Fr,5'7,Palmdale HS,Marin College
1721,Taylor Burke,So,5'4,Culver City HS,Marin College
1722,Abigail Weaver,Fr,5'10,"Apopka, Fl",Southeastern
1723,Courtney Krause,Fr,5'9,"Venice, Fl",Southeastern
1724,Emily Boehlein,Fr,6'0,"Gainesville, Fl",Southeastern
1725,Hannah Kinlaw,Jr,5'8,"Jacksonville, Fl",Southeastern
1726,Hannah Kaszubowski,Fr,5'7,"Sebring, Fl",Southeastern
1727,Isabella La Vassaur,Fr,,"Sarasota, Fl",Southeastern
1728,Kaity Reed,Fr,,"Princeton, In",Southeastern
1729,Kelsey Morton,Sr,6'0,"Plant City, Fl",Southeastern
1730,Keniah Rivera Santiago,Jr,5'3,"Naguabo,P.R.",Southeastern
1731,Kiana Sawtelle,R-Fr,5'8,"Stuart, Fl",Southeastern
1732,Natalie Anderson,Jr,5'7,"Tualatin, Or",Southeastern
1733,Abigail Weaver,Fr,5'10,"Apopka, Fl",San Mateo College
1734,Courtney Krause,Fr,5'9,"Venice, Fl",San Mateo College
1735,Emily Boehlein,Fr,6'0,"Gainesville, Fl",San Mateo College
1736,Hannah Kinlaw,Jr,5'8,"Jacksonville, Fl",San Mateo College
1737,Hannah Kaszubowski,Fr,5'7,"Sebring, Fl",San Mateo College
1738,Isabella La Vassaur,Fr,,"Sarasota, Fl",San Mateo College
1739,Kaity Reed,Fr,,"Princeton, In",San Mateo College
1740,Kelsey Morton,Sr,6'0,"Plant City, Fl",San Mateo College
1741,Keniah Rivera Santiago,Jr,5'3,"Naguabo,P.R.",San Mateo College
1742,Kiana Sawtelle,R-Fr,5'8,"Stuart, Fl",San Mateo College
1743,Natalie Anderson,Jr,5'7,"Tualatin, Or",San Mateo College
1744,Alyssa Dincoff,Fr,5'7,"Home Schooled, Ca",San Diego City College
1745,Bianca Hawlish,Fr,6'1,J Serra HS,San Diego City College
1746,Bree Reid,Fr,5'5,Sweetwater HS,San Diego City College
1747,Brielle McKinnon,Fr,5'10,Highland HS,San Diego City College
1748,Elise Sanzeri,Fr,5'10,Bret Harte HS,San Diego City College
1749,Isabella Rubio,Fr,5'5,Mar Vista HS,San Diego City College
1750,Izzy DeNardi,Fr,5'8,Coronado HS,San Diego City College
1751,Julia Ferraro,Fr,5'11,Mercy Burlingame HS,San Diego City College
1752,Lyssette Serna,Fr,5'7,Montgomery HS,San Diego City College
1753,Malea Weakland,Fr,5'7,Mt Miguel HS,San Diego City College
1754,Mariah Wonders,,,,San Diego City College
1755,Marissa Thomas,Fr,5'5,Oak Ridge HS,San Diego City College
1756,Megan Seyer,R-So,5'8,Lyons Township HS,San Diego City College
1757,Shatha Julima,Fr,5'10,Hoover HS,San Diego City College
