,Position,TeamAPlayer1,TeamAPlayer2,TeamBPlayer1,TeamBPlayer2,Winner,Loser,Compid,Event Date
0,1,Carly Perales,Sunniva Helland-Hansen,Mackenzie Redner,Savanna Cary,Stetson,Eckerd ,799,20180223
5,1,Shannon Williams,Ali Denney,Tiffany Creamer,Brooke Weiner,South Carolina,Georgia State,800,20180223
10,1,Macy Jerger,Victoria Paranagua,Jessalyn Kinlaw,Gabrielle Dischler,Florida State,FAU,801,20180223
15,1,Tiffany Creamer,Brooke Weiner,Carly Perales,Sunniva Helland-Hansen,Stetson,Georgia State,802,20180223
20,1,Macy Jerger,Victoria Paranagua,Shannon Williams,Ali Denney,Florida State,South Carolina,803,20180223
25,1,Gabrielle Dischler,Jessalyn Kinlaw,Savanna Cary,Mackenzie Redner,FAU,Eckerd ,804,20180223
28,1,Lauren Stivrins,Jazz Sweat,Jackie Woods,Kat McCullough,Nebraska,Benedictine,805,20180223
32,1,Kristen Nuss,Claire Coppola,Torrey Van Winden,Tia Miric,LSU,Cal Poly SLO,816,20180223
37,1,Claire Coppola,Kristen Nuss,Molly Turner,Katie Pyles,LSU,Grand Canyon,817,20180223
42,1,Torrey Van Winden,Tia Miric,Madalyn Roh,Brook Bauer,Cal Poly SLO,Pepperdine,818,20180223
47,1,Teegan Van Gunst,Tiffany Creamer,Savanna Cary,Mackenzie Redner,Georgia State,Eckerd ,821,20180224
51,1,Shannon Williams,Ali Denney,Carly Perales,Sunniva Helland-Hansen,South Carolina,Stetson,823,20180224
56,1,Macy Jerger,Victoria Paranagua,Teegan Van Gunst,Tiffany Creamer,Georgia State,Florida State,824,20180224
61,1,Deahna Kraft,Corinne Quiggle,Claire Coppola,Kristen Nuss,LSU,Pepperdine,825,20180224
66,1,Claire Coppola,Kristen Nuss,Annika Albrecht,Lauren Stivrins,LSU,Nebraska,826,20180224
71,1,Haven Hill,Cassie House,Gabby Atchley,Whitney Walker,TCU,Texas A&M; Kingsville,827,20180224
75,1,Shannon Williams,Ali Denney,Gabrielle Dischler,Jessalyn Kinlaw,South Carolina,FAU,828,20180224
80,1,Deahna Kraft,Corinne Quiggle,Molly Turner,Katie Pyles,Pepperdine,Grand Canyon,829,20180224
85,1,Haven Hill,Cassie House,Aeriel Horton,Jessica Wooten,TCU,Houston Baptist,830,20180224
90,1,Macy Jerger,Victoria Paranagua,Darby Dunn,Sammee Thomas,Florida State,Stetson,831,20180224
95,1,Megan McNamara,Nicole McNamara,Kathryn Plummer,Sunny Villapando,UCLA,Stanford,832,20180224
104,1,Chaney Howard,Taryn Griffey,Melissa Elias,Sorrel  Houghton,UNF,Tampa,834,20180224
108,1,Payton Rund,Morgan Hughes,Iya Lindahl,Jessica Gaffney,Saint Mary's,Cal,835,20180224
113,1,Iya Lindahl,Jessica Gaffney,Andie Shelton,Maycie LaBass,Cal,Pacific,836,20180224
118,1,Carly Kan,Laurel Weaver,Kathryn Plummer,Sunny Villapando,Hawaii,Stanford,837,20180224
123,1,Federica Frasca,Margherita Bianchin,Gabby Love,Maile Sellers,FIU,ULM,838,20180224
128,1,Tia Miric,Torrey Van Winden,Kenzie Maloney,Lauren Stivrins,Cal Poly SLO,Nebraska,839,20180224
133,1,Abril Bustamante,Terese Cannon,Katie Pyles,Molly Turner,USC,Grand Canyon,840,20180224
138,1,Jessica Wooten,Aeriel Horton,Gabby Love,Maile Sellers,Houston Baptist,ULM,841,20180224
143,1,Sophie Peel,Kacy Ogden,Emily Fedonczak,Nichole LeFevre,Mercer,Huntingdon,842,20180224
148,1,Abril Bustamante,Terese Cannon,Kwyn Johnson,Mia Rivera,USC,ASU,843,20180224
153,1,Laurel Weaver,Carly Kan,Nicole McNamara,Megan McNamara,Hawaii,UCLA,844,20180224
158,1,Kat McCullough,Jackie Woods,Jacey Smith,Kendall Bosse,Abilene Christian,Benedictine,845,20180224
160,1,Natalie Anselmo,Olivia Macdonald,Jackie Woods,Kat McCullough,Arizona,Benedictine,846,20180224
165,1,Nandyala Gama,Lyndi Scholl,Jacey Smith,Kendall Bosse,Abilene Christian,San Jose State University,847,20180224
170,1,Nandyala Gama,Lyndi Scholl,Jacey Smith,Kendall Bosse,San Jose State University,Abilene Christian,848,20180224
175,1,Emily Bible,Lindsey Knudsen,Maycie LaBass,Andie Shelton,Saint Mary's,Pacific,851,20180224
180,1,Federica Frasca,Margherita Bianchin,Haven Hill,Cassie House,FIU,TCU,854,20180225
185,1,Natalie Anselmo,Olivia Macdonald,Jacey Smith,Kendall Bosse,Arizona,Abilene Christian,855,20180225
190,1,Fernanda Vido,Lyndi Scholl,Kat McCullough,Jackie Woods,San Jose State University,Benedictine,856,20180225
195,1,Abril Bustamante,Terese Cannon,Kelly Hunter,Lauren Stivrins,USC,Nebraska,857,20180225
200,1,Kwyn Johnson,Mia Rivera,Lauren Stivrins,Kelly Hunter,Nebraska,ASU,858,20180225
205,1,Haven Hill,Cassie House,Gabby Love,Grace Convey,TCU,ULM,859,20180225
210,1,Nicole McNamara,Megan McNamara,Kathryn Plummer,Sunny Villapando,Stanford,UCLA,860,20180225
215,1,Abril Bustamante,Terese Cannon,Torrey Van Winden,Tia Miric,USC,Cal Poly SLO,861,20180225
220,1,Torrey Van Winden,Tia Miric,Mia Rivera,Kwyn Johnson,Cal Poly SLO,ASU,862,20180225
225,1,Gabby Love,Grace Convey,Gabby Atchley,Whitney Walker,ULM,Texas A&M; Kingsville,863,20180225
230,1,Federica Frasca,Margherita Bianchin,Gabby Atchley,Whitney Walker,FIU,Texas A&M; Kingsville,864,20180225
235,1,Natalie Anselmo,Olivia Macdonald,Fernanda Vido,Lyndi Scholl,Arizona,San Jose State University,865,20180225
244,1,Megan McNamara,Nicole McNamara,Carly Kan,Laurel Weaver,UCLA,Hawaii,868,20180225
249,1,Carly Kan,Laurel Weaver,Kathryn Plummer,Sunny Villapando,Stanford,Hawaii,869,20180225
254,1,Torrey Van Winden,Tia Miric,Molly Turner,Katie Pyles,Grand Canyon,Cal Poly SLO,870,20180223
259,1,Savannah  Slattery,McKayla Ferris,Sydney Haynes,Emily Hansen,LMU,Cal State Bakersfield,871,20180224
264,1,Savannah  Slattery,McKayla Ferris,Kayla Tinker,Gabby Morrison,LMU,Vanguard,872,20180224
269,1,Sydney Haynes,Emily Hansen,Gabby Morrison,Kayla Tinker,Cal State Bakersfield,Vanguard,873,20180224
274,1,Federica Frasca,Margherita Bianchin,Jessalyn Kinlaw,Gabrielle Dischler,FIU,FAU,875,20180227
279,1,Nicole McNamara,Megan McNamara,Corinne Quiggle,Deahna Kraft,UCLA,Pepperdine,876,20180228
284,1,Nicole McNamara,Megan McNamara,Corinne Quiggle,Deahna Kraft,UCLA,Pepperdine,877,20180228
289,1,Megan McNamara,Nicole McNamara,Abril Bustamante,Terese Cannon,UCLA,USC,878,20180228
294,1,Brook Bauer,Madalyn Roh,Abril Bustamante,Terese Cannon,Pepperdine,USC,879,20180228
299,1,Katie Sato,Aeryn Owens,Gabby Morrison,Kayla Tinker,Cal State Northridge,Vanguard,881,20180228
304,1,Jessica Gaffney,Iya Lindahl,Kristen Mead,Taylor  Odom,Cal,Santa Clara,882,20180301
309,1,Krissy Mummey,Katja Ehlers,Federica Frasca,Margherita Bianchin,FIU,College of Charleston,885,20180302
314,1,Sunniva Helland-Hansen,Carly Perales,Krissy Mummey,Katja Ehlers,Stetson,College of Charleston,886,20180302
319,1,Natalie Anselmo,Olivia Macdonald,Maddie Irwin,Erin Martin,Arizona,New Mexico,887,20180302
324,1,Jordan Anderson,Kimmy Gardiner,Savannah  Slattery,McKayla Ferris,Washington,LMU,888,20180302
329,1,Kelly Hunter,Lauren Stivrins,Taylor Fricano,Veronica Snelling,Nebraska,Missouri State,889,20180302
334,1,Savannah  Slattery,McKayla Ferris,Maddie Irwin,Erin Martin,New Mexico,LMU,890,20180302
339,1,Natalie Anselmo,Olivia Macdonald,Kimmy Gardiner,Jordan Anderson,Arizona,Washington,891,20180302
344,1,Haley Howell,Carly Lowry,Taylor  Odom,Kristen Mead,USF,Santa Clara,892,20180302
349,1,Haley Howell,Carly Lowry,Kristen Mead,Taylor  Odom,USF,Santa Clara,893,20180302
354,1,Kathryn Plummer,Sunny Villapando,Morgan Hughes,Payton Rund,Stanford,Saint Mary's,894,20180302
359,1,Skylar Wine,Maycie LaBass,Kennedy Kurtz,Brie Gathright,Pacific,"Cal State University, Sacramento",895,20180302
364,1,Kathryn Plummer,Sunny Villapando,Haley Howell,Carly Lowry,Stanford,USF,896,20180302
369,1,Skylar Wine,Maycie LaBass,Taylor  Odom,Kristen Mead,Pacific,Santa Clara,897,20180302
374,1,Emily Bible,Lindsey Knudsen,Kennedy Kurtz,Brie Gathright,Saint Mary's,"Cal State University, Sacramento",898,20180302
379,1,Iya Lindahl,Jessica Gaffney,Nandyala Gama,Lyndi Scholl,San Jose State University,Cal,902,20180302
384,1,Ginny Gerig,Cecily Gable,Rachel Kuhn,Cara Sander,Austin Peay State ,New Orleans,903,20180302
389,1,Caroline Herrera,Taylor Hurst,Rachel Kuhn,Cara Sander,New Orleans,Spring Hill College,906,20180302
391,1,Caroline Herrera,Taylor Hurst,Katie Will,Charis Ludtke,Jacksonville State,Spring Hill College,908,20180302
392,1,Gabby Love,Grace Convey,Ginny Gerig,Cecily Gable,ULM,Austin Peay State ,910,20180302
397,1,Jessica Wooten,Aeriel Horton,Kenley Adams,Avei Logoleo,Houston Baptist,UAB,912,20180302
404,1,Torrey Van Winden,Tia Miric,Kwyn Johnson,Mia Rivera,Cal Poly SLO,ASU,918,20180303
409,1,Victoria Paranagua,Macy Jerger,Krissy Mummey,Katja Ehlers,Florida State,College of Charleston,919,20180303
414,1,Federica Frasca,Margherita Bianchin,Sunniva Helland-Hansen,Carly Perales,FIU,Stetson,920,20180303
419,1,Gabrielle Dischler,Jessalyn Kinlaw,Carina Hoff,Courtney Miller,UNF,FAU,921,20180303
424,1,Madeline Mertz,Kaylie Mchugh,Cassie House,Haven Hill,Tulane,TCU,922,20180303
429,1,Madeline Mertz,Kaylie Mchugh,Kwyn Johnson,Mia Rivera,Tulane,ASU,923,20180303
434,1,Brook Bauer,Madalyn Roh,Abril Bustamante,Tina Graudina,USC,Pepperdine,924,20180303
439,1,Abril Bustamante,Terese Cannon,Megan McNamara,Nicole McNamara,USC,UCLA,925,20180303
444,1,Claire Coppola,Kristen Nuss,Carina Hoff,Courtney Miller,LSU,UNF,926,20180303
449,1,Kimmy Gardiner,Jordan Anderson,Maddie Irwin,Erin Martin,Washington,New Mexico,927,20180303
454,1,Savannah  Slattery,McKayla Ferris,Natalie Anselmo,Olivia Macdonald,Arizona,LMU,928,20180303
459,1,Brook Bauer,Madalyn Roh,Megan McNamara,Nicole McNamara,Pepperdine,UCLA,929,20180303
464,1,Brook Bauer,Madalyn Roh,Tina Graudina,Abril Bustamante,USC,Pepperdine,930,20180303
469,1,Macy Jerger,Victoria Paranagua,Darby Dunn,Sammee Thomas,Florida State,Stetson,931,20180303
474,1,Torrey Van Winden,Tia Miric,Cassie House,Haven Hill,Cal Poly SLO,TCU,932,20180303
479,1,Blake Sharp,Sunny Villapando,Brie Gathright,Kennedy Kurtz,Stanford,"Cal State University, Sacramento",933,20180303
484,1,Blake Sharp,Sunny Villapando,Maycie LaBass,Skylar Wine,Stanford,Pacific,934,20180303
489,1,Teegan Van Gunst,Tiffany Creamer,Selina Marolf,Abigail Devido,Georgia State,Texas A&M; Corpus Christi,935,20180303
494,1,Teegan Van Gunst,Tiffany Creamer,Claire Coppola,Kristen Nuss,LSU,Georgia State,936,20180303
499,1,Shannon Williams,Ali Denney,Nicole Lott,Maddy Kline,UNC Wilmington,South Carolina,937,20180303
504,1,Ali Denney,Shannon Williams,Jessalyn Kinlaw,Gabrielle Dischler,South Carolina,FAU,938,20180303
509,1,Ginny Gerig,Cecily Gable,Katie Will,Charis Ludtke,Austin Peay State ,Jacksonville State,939,20180303
514,1,Kenley Adams,Devon May,Caroline Herrera,Taylor Hurst,UAB,Spring Hill College,940,20180303
517,1,Gabby Love,Grace Convey,Julie Vujnovich,Payton Gidney,ULM,Spring Hill College,941,20180303
520,1,Jessica Wooten,Aeriel Horton,Ginny Gerig,Cecily Gable,Houston Baptist,Austin Peay State ,943,20180303
525,1,Teegan Van Gunst,Tiffany Creamer,Selina Marolf,Abigail Devido,Georgia State,Texas A&M; Corpus Christi,945,20180302
530,1,Taylor  Odom,Kristen Mead,Kennedy Kurtz,Brie Gathright,"Cal State University, Sacramento",Santa Clara,946,20180303
535,1,Payton Rund,Morgan Hughes,Haley Howell,Carly Lowry,Saint Mary's,USF,947,20180303
540,1,Skylar Wine,Maycie LaBass,Carly Lowry,Haley Howell,Pacific,USF,948,20180303
545,1,Emily Bible,Lindsey Knudsen,Taylor  Odom,Kristen Mead,Saint Mary's,Santa Clara,949,20180303
550,1,Kenley Adams,Avei Logoleo,Katie Will,Charis Ludtke,UAB,Jacksonville State,950,20180302
555,1,Kenley Adams,Devon May,Cara Sander,Rachel Kuhn,UAB,New Orleans,956,20180303
560,1,Cara Sander,Rachel Kuhn,Jessica Wooten,Aeriel Horton,Houston Baptist,New Orleans,957,20180303
565,1,Torrey Van Winden,Tia Miric,Madeline Mertz,Kaylie Mchugh,Tulane,Cal Poly SLO,966,20180304
570,1,Kwyn Johnson,Mia Rivera,Cassie House,Haven Hill,ASU,TCU,967,20180304
575,1,Teegan Van Gunst,Tiffany Creamer,Maddy Kline,Nicole Lott,Georgia State,UNC Wilmington,968,20180304
580,1,Shannon Williams,Ali Denney,Teegan Van Gunst,Tiffany Creamer,South Carolina,Georgia State,969,20180304
585,1,Brittany Pellitteri,Carly Scarborough,Claire Coppola,Kristen Nuss,LSU,FAU,970,20180304
590,1,Claire Coppola,Kristen Nuss,Maddy Kline,Nicole Lott,LSU,UNC Wilmington,971,20180304
595,1,Shannon Williams,Ali Denney,Courtney Miller,Carina Hoff,South Carolina,UNF,972,20180304
600,1,Selina Marolf,Abigail Devido,Carina Hoff,Courtney Miller,Texas A&M; Corpus Christi,UNF,973,20180304
605,1,Brittany Pellitteri,Carly Scarborough,Selina Marolf,Abigail Devido,Texas A&M; Corpus Christi,FAU,974,20180304
612,1,Nele Barber,Rachel Nieto,Sydney Haynes,Emily Hansen,Long Beach State,Cal State Bakersfield,982,20180304
617,1,Nele Barber,Rachel Nieto,Aeryn Owens,Katie Sato,Long Beach State,Cal State Northridge,983,20180304
622,1,Julie Vujnovich,Payton Gidney,Ginny Gerig,Cecily Gable,Austin Peay State ,Spring Hill College,984,20180304
623,1,Rachel Kuhn,Cara Sander,Jessica Wooten,Aeriel Horton,Houston Baptist,New Orleans,986,20180303
628,1,Gabby Love,Grace Convey,Rachel Kuhn,Cara Sander,New Orleans,ULM,987,20180302
633,1,Katie Sato,Aeryn Owens,Sydney Haynes,Emily Hansen,Cal State Northridge,Cal State Bakersfield,988,20180304
638,1,Kelli Iverson,Molly Turner,Savannah  Slattery,McKayla Ferris,Grand Canyon,LMU,989,20180303
643,1,Kelli Iverson,Molly Turner,Gabby Morrison,Kayla Tinker,Grand Canyon,Vanguard,992,20180302
648,1,Rachel Nieto,Nele Barber,Natalie Anselmo,Olivia Macdonald,Arizona,Long Beach State,993,20180306
653,1,Tiffany Creamer,Teegan Van Gunst,Ginny Gerig,Cecily Gable,Georgia State,Austin Peay State ,994,20180306
658,1,Tiffany Creamer,Teegan Van Gunst,Katie Will,Charis Ludtke,Georgia State,Jacksonville State,995,20180306
663,1,Maddy Kline,Nicole Lott,Cecily Gable,Ginny Gerig,UNC Wilmington,Austin Peay State ,996,20180306
668,1,Maddy Kline,Nicole Lott,Katie Will,Charis Ludtke,UNC Wilmington,Jacksonville State,997,20180306
673,1,Madalyn Roh,Brook Bauer,Rachel Nieto,Nele Barber,Pepperdine,Long Beach State,1000,20180307
678,1,Kathryn Plummer,Sunny Villapando,Lyndi Scholl,Nandyala Gama,Stanford,San Jose State University,1001,20180307
683,1,Lauren Stivrins,Kelly Hunter,Sarah Bolton,Marion Couraud,Nebraska,Missouri Baptist University,1002,20180307
688,1,Megan McNamara,Nicole McNamara,Carly Kan,Laurel Weaver,UCLA,Hawaii,1003,20180308
693,1,Carly Kan,Laurel Weaver,McKayla Ferris,Savannah  Slattery,Hawaii,LMU,1004,20180308
698,1,Megan McNamara,Nicole McNamara,McKayla Ferris,Savannah  Slattery,UCLA,LMU,1005,20180308
703,1,Katie Sato,Aeryn Owens,Kersti Whitney,Avery Keathley,Cal State Northridge,Concordia,1006,20180308
707,1,Katie Sato,Aeryn Owens,Karla Santos,Alejandra Negron,Cal State Northridge,CSULA,1007,20180308
712,1,Darby Dunn,Sammee Thomas,Sorrel  Houghton,Melissa Elias,Stetson,Tampa,1009,20180309
717,1,Sammee Thomas,Darby Dunn,Gabby Atchley,Whitney Walker,Stetson,Texas A&M; Kingsville,1010,20180309
726,1,Darby Dunn,Sammee Thomas,Anna Tovo,Allie Geary,Stetson,Florida Southern,1012,20180309
736,1,Brittany Pellitteri,Carly Scarborough,Jessica Wooten,Aeriel Horton,Houston Baptist,FAU,1015,20180309
741,1,Mima Mirkovic,Alexia Inman,Kwyn Johnson,Mia Rivera,Cal,ASU,1019,20180309
746,1,Mima Mirkovic,Alexia Inman,Janell Walley,Sabryn Roberts,Cal,Boise State,1020,20180309
751,1,Madeline Mertz,Kaylie Mchugh,Janell Walley,Sabryn Roberts,Tulane,Boise State,1021,20180309
756,1,Madeline Mertz,Kaylie Mchugh,Nandyala Gama,Lyndi Scholl,Tulane,San Jose State University,1022,20180309
761,1,Kathryn Plummer,Sunny Villapando,Kaylie Mchugh,Madeline Mertz,Tulane,Stanford,1023,20180309
766,1,Kwyn Johnson,Mia Rivera,Lyndi Scholl,Nandyala Gama,San Jose State University,ASU,1024,20180309
771,1,Amanda Carroll,Mackenzie Allen,Jessica Wooten,Aeriel Horton,Houston Baptist,FGCU,1025,20180309
776,1,Amanda Carroll,Mackenzie Allen,Carlee Baxter,Emily Bowen,FGCU,Webber,1026,20180309
781,1,Molly Turner,Kelli Iverson,Maddie Irwin,Erin Martin,Grand Canyon,New Mexico,1033,20180309
786,1,Erin Martin,Maddie Irwin,Kendall Bosse,Jacey Smith,New Mexico,Abilene Christian,1034,20180309
791,1,Sophie Peel,Kacy Ogden,Anna Tovo,Allie Geary,Mercer,Florida Southern,1036,20180310
799,1,Brook Bauer,Madalyn Roh,Macy Jerger,Victoria Paranagua,Pepperdine,Florida State,1038,20180310
804,1,Carly Kan,Laurel Weaver,Jaelyn Greene,Jillian Bergeson,Hawaii,TCU,1040,20180310
809,1,Tina Graudina,Abril Bustamante,Margherita Bianchin,Federica Frasca,USC,FIU,1041,20180310
814,1,Nicole McNamara,Megan McNamara,Claire Coppola,Kristen Nuss,UCLA,LSU,1042,20180310
819,1,Mima Mirkovic,Alexia Inman,Madeline Mertz,Kaylie Mchugh,Cal,Tulane,1043,20180310
824,1,Teegan Van Gunst,Tiffany Creamer,Mackenzie Allen,Amanda Carroll,Georgia State,FGCU,1044,20180310
829,1,Amanda Carroll,Mackenzie Allen,Carly Scarborough,Brittany Pellitteri,FGCU,FAU,1045,20180310
834,1,Kristen Nuss,Claire Coppola,Abril Bustamante,Tina Graudina,USC,LSU,1047,20180310
839,1,Macy Jerger,Victoria Paranagua,Laurel Weaver,Carly Kan,Florida State,Hawaii,1048,20180310
844,1,Shannon Williams,Ali Denney,Savannah Siegrist,Mackenzie Swan,Jacksonville,South Carolina,1049,20180310
849,1,Shannon Williams,Ali Denney,Courtney Miller,Carina Hoff,South Carolina,UNF,1050,20180310
854,1,Teegan Van Gunst,Tiffany Creamer,Jessica Wooten,Aeriel Horton,Georgia State,Houston Baptist,1051,20180310
859,1,Teegan Van Gunst,Tiffany Creamer,Carly Scarborough,Brittany Pellitteri,Georgia State,FAU,1052,20180310
864,1,Madeline Mertz,Kaylie Mchugh,Frances Giedraitis,Mia Rivera,Tulane,ASU,1053,20180310
869,1,Megan McNamara,Nicole McNamara,Federica Frasca,Margherita Bianchin,FIU,UCLA,1054,20180310
874,1,Molly Turner,Kelli Iverson,Kendall Bosse,Jacey Smith,Grand Canyon,Abilene Christian,1055,20180310
879,1,Brook Bauer,Madalyn Roh,Cassie House,Haven Hill,Pepperdine,TCU,1056,20180310
884,1,Jessica Wooten,Aeriel Horton,Carlee Baxter,Emily Bowen,Houston Baptist,Webber,1057,20180310
889,1,Emily Sonny,Sam Manley,Tani Stephens ,Cali Thompson,Cal Poly SLO,Portland,1058,20180310
894,1,Emily Sonny,Sam Manley,Julia Topor,Anna Dalla Vecchia,Cal Poly SLO,USF,1059,20180310
899,1,Emily Sonny,Sam Manley,Andie Shelton,Maycie LaBass,Cal Poly SLO,Pacific,1060,20180310
904,1,Kathryn Plummer,Sunny Villapando,Mia Rivera,Frances Giedraitis,Stanford,ASU,1061,20180310
909,1,Kristey Markle,Nickeisha Williams,Carly Lowry,Haley Howell,Cal State Northridge,USF,1062,20180310
914,1,Anna Dalla Vecchia,Julia Topor,Sarah Davis,Mikaela Nocetti,USF,"Cal State University, Sacramento",1063,20180310
919,1,Carina Hoff,Courtney Miller,Savannah Siegrist,Mackenzie Swan,Jacksonville,UNF,1064,20180310
924,1,Kathryn Plummer,Sunny Villapando,Sabryn Roberts,Janell Walley,Stanford,Boise State,1065,20180310
929,1,Tani Stephens ,Cali Thompson,Sarah Davis,Mikaela Nocetti,Portland,"Cal State University, Sacramento",1066,20180310
934,1,Andie Shelton,Maycie LaBass,Sarah Davis,Mikaela Nocetti,Pacific,"Cal State University, Sacramento",1067,20180310
939,1,Katie Sato,Aeryn Owens,Tani Stephens ,Cali Thompson,Cal State Northridge,Portland,1068,20180310
944,1,Katie Sato,Aeryn Owens,Andie Shelton,Maycie LaBass,Cal State Northridge,Pacific,1069,20180310
949,1,Mima Mirkovic,Alexia Inman,Nandyala Gama,Lyndi Scholl,Cal,San Jose State University,1070,20180310
954,1,Emily Hansen,Sydney Haynes,Kayla Tinker,Gabby Morrison,Cal State Bakersfield,Vanguard,1071,20180310
959,1,Carly Kan,Laurel Weaver,Federica Frasca,Margherita Bianchin,FIU,Hawaii,1073,20180311
964,1,Brook Bauer,Madalyn Roh,Kristen Nuss,Claire Coppola,Pepperdine,LSU,1074,20180311
969,1,Megan McNamara,Nicole McNamara,Macy Jerger,Victoria Paranagua,UCLA,Florida State,1075,20180311
974,1,Abril Bustamante,Tina Graudina,Jillian Bergeson,Jaelyn Greene,USC,TCU,1076,20180311
979,1,Emily Maglio,Ka'iwi Schucht,Claire Coppola,Kristen Nuss,Hawaii,LSU,1077,20180311
984,1,Brook Bauer,Madalyn Roh,Federica Frasca,Margherita Bianchin,FIU,Pepperdine,1078,20180311
989,1,Megan McNamara,Nicole McNamara,Jillian Bergeson,Jaelyn Greene,UCLA,TCU,1079,20180311
994,1,Abril Bustamante,Tina Graudina,Macy Jerger,Victoria Paranagua,USC,Florida State,1080,20180311
999,1,Nele Barber,Rachel Nieto,Taylor Fricano,Veronica Snelling,Long Beach State,Missouri State,1081,20180312
1008,1,Nele Barber,Rachel Nieto,Taylor Woods,Katie Scherr,Long Beach State,Colorado Mesa,1083,20180312
1013,1,Nandyala Gama,Lyndi Scholl,Tani Stephens ,Cali Thompson,San Jose State University,Portland,1084,20180312
1018,1,Katie Will,Kaylie Milton,Emily Fedonczak,Nichole LeFevre,Jacksonville State,Huntingdon,1085,20180313
1030,1,Emily Bible,Lindsey Knudsen,Kristen Mead,Hailey Lindberg,Saint Mary's,Santa Clara,1088,20180313
1035,1,Gabby Love,Grace Convey,Katie Will,Charis Ludtke,ULM,Jacksonville State,1093,20180303
1040,1,Brook Bauer,Madalyn Roh,Vanessa Freire,Sara Putt,Pepperdine,Florida State,1094,20180314
1045,1,Katie Sato,Aeryn Owens,Taylor Woods,Katie Scherr,Cal State Northridge,Colorado Mesa,1095,20180314
1053,1,Katie Sato,Aeryn Owens,Taylor Fricano,Veronica Snelling,Cal State Northridge,Missouri State,1097,20180314
1060,1,Sasha Karelov,Anete Brinke,Jillian Bergeson,Jaelyn Greene,Long Beach State,TCU,1102,20180315
1065,1,Savannah  Slattery,McKayla Ferris,Jillian Bergeson,Jaelyn Greene,TCU,LMU,1103,20180315
1070,1,Sasha Karelov,Anete Brinke,Vanessa Freire,Sara Putt,Long Beach State,Florida State,1105,20180315
1075,1,Vanessa Freire,Sara Putt,Savannah  Slattery,McKayla Ferris,Florida State,LMU,1106,20180315
1080,1,Carly Perales,Sunniva Helland-Hansen,Maddie Irwin,Erin Martin,Stetson,New Mexico,1107,20180316
1085,1,Katja Ehlers,Krissy Mummey,Gabrielle Dischler,Jessalyn Kinlaw,College of Charleston,FAU,1108,20180316
1090,1,Devon May,Kenley Adams,Gabby Love,Grace Convey,UAB,ULM,1109,20180316
1095,1,Devon May,Kenley Adams,Grace Convey,Gabby Love,UAB,ULM,1110,20180316
1100,1,Federica Frasca,Margherita Bianchin,Savannah Siegrist,Mackenzie Swan,FIU,Jacksonville,1111,20180316
1105,1,Hayley Tippett,Megan Nash,Sophie Peel,Kacy Ogden,Central Arkansas,Mercer,1112,20180316
1110,1,Alexia Inman,Mima Mirkovic,Payton Rund,Morgan Hughes,Saint Mary's,Cal,1113,20180316
1115,1,Alexia Inman,Mima Mirkovic,Sarah Davis,Mikaela Nocetti,Cal,"Cal State University, Sacramento",1114,20180316
1120,1,Margherita Bianchin,Federica Frasca,Maddie Irwin,Erin Martin,FIU,New Mexico,1115,20180316
1125,1,Emily Hansen,Sydney Haynes,Taylor Fricano,Veronica Snelling,Missouri State,Cal State Bakersfield,1116,20180316
1130,1,Carly Perales,Sunniva Helland-Hansen,Maddy Kline,Nicole Lott,Stetson,UNC Wilmington,1117,20180316
1135,1,Madeline Mertz,Kaylie Mchugh,Sophie Peel,Kacy Ogden,Tulane,Mercer,1118,20180316
1140,1,Madeline Mertz,Kaylie Mchugh,Ginny Gerig,Cecily Gable,Tulane,Austin Peay State ,1119,20180316
1145,1,Krissy Mummey,Katja Ehlers,Mackenzie Swan,Savannah Siegrist,College of Charleston,Jacksonville,1120,20180316
1150,1,Hayley Tippett,Megan Nash,Gabby Love,Grace Convey,Central Arkansas,ULM,1121,20180316
1155,1,Mackenzie Allen,Amanda Carroll,Melissa Elias,Sorrel  Houghton,FGCU,Tampa,1122,20180316
1159,1,Jessalyn Kinlaw,Gabrielle Dischler,Jessica Wooten,Aeriel Horton,FAU,Houston Baptist,1129,20180316
1164,1,Maddy Kline,Nicole Lott,Aeriel Horton,Jessica Wooten,UNC Wilmington,Houston Baptist,1135,20180316
1169,1,Maddy Kline,Nicole Lott,Savannah Siegrist,Mackenzie Swan,UNC Wilmington,Jacksonville,1136,20180316
1174,1,Jessica Wooten,Aeriel Horton,Maddie Irwin,Erin Martin,Houston Baptist,New Mexico,1137,20180316
1179,1,Carly Perales,Sunniva Helland-Hansen,Gabrielle Dischler,Jessalyn Kinlaw,Stetson,FAU,1140,20180317
1184,1,Torrey Van Winden,Tia Miric,Jillian Bergeson,Jaelyn Greene,Cal Poly SLO,TCU,1141,20180317
1189,1,Carly Kan,Laurel Weaver,Kelly Hunter,Lauren Stivrins,Hawaii,Nebraska,1143,20180317
1194,1,Teegan Van Gunst,Tiffany Creamer,Kristen Nuss,Claire Coppola,LSU,Georgia State,1144,20180317
1199,1,Claire Coppola,Kristen Nuss,Katie Will,Kaylie Milton,LSU,Jacksonville State,1145,20180317
1204,1,Abril Bustamante,Tina Graudina,Molly Turner,Kelli Iverson,USC,Grand Canyon,1146,20180317
1209,1,Maddy Kline,Nicole Lott,Maddie Irwin,Erin Martin,New Mexico,UNC Wilmington,1147,20180317
1214,1,Katja Ehlers,Krissy Mummey,Maddie Irwin,Erin Martin,New Mexico,College of Charleston,1148,20180317
1219,1,Shannon Williams,Ali Denney,Teegan Van Gunst,Tiffany Creamer,South Carolina,Georgia State,1149,20180317
1224,1,Carly Kan,Laurel Weaver,Tina Graudina,Abril Bustamante,USC,Hawaii,1150,20180317
1229,1,Kenley Adams,Devon May,Sophie Peel,Kacy Ogden,UAB,Mercer,1151,20180317
1234,1,Madeline Mertz,Kaylie Mchugh,Kenley Adams,Devon May,UAB,Tulane,1152,20180317
1239,1,Carly Kan,Laurel Weaver,Kelly Hunter,Lauren Stivrins,Hawaii,Nebraska,1153,20180317
1244,1,Madeline Mertz,Kaylie Mchugh,Gabby Love,Grace Convey,Tulane,ULM,1154,20180317
1249,1,Molly Turner,Kelli Iverson,Lauren Stivrins,Kelly Hunter,Nebraska,Grand Canyon,1155,20180317
1254,1,Carly Perales,Sunniva Helland-Hansen,Jessica Wooten,Aeriel Horton,Houston Baptist,Stetson,1156,20180317
1259,1,Brook Bauer,Madalyn Roh,Shannon Williams,Ali Denney,Pepperdine,South Carolina,1157,20180317
1264,1,Brook Bauer,Madalyn Roh,Kaylie Milton,Katie Will,Pepperdine,Jacksonville State,1158,20180317
1269,1,Sophie Peel,Kacy Ogden,Ginny Gerig,Cecily Gable,Mercer,Austin Peay State ,1159,20180317
1274,1,Hayley Tippett,Megan Nash,Ginny Gerig,Cecily Gable,Central Arkansas,Austin Peay State ,1160,20180317
1279,1,Torrey Van Winden,Tia Miric,Natalie Anselmo,Olivia Macdonald,Cal Poly SLO,Arizona,1161,20180317
1284,1,Federica Frasca,Margherita Bianchin,Nicole Lott,Maddy Kline,FIU,UNC Wilmington,1162,20180317
1289,1,Torrey Van Winden,Tia Miric,Jillian Bergeson,Jaelyn Greene,Cal Poly SLO,TCU,1163,20180317
1294,1,Federica Frasca,Margherita Bianchin,Katja Ehlers,Krissy Mummey,FIU,College of Charleston,1164,20180317
1299,1,Gabrielle Dischler,Jessalyn Kinlaw,Mackenzie Swan,Savannah Siegrist,FAU,Jacksonville,1165,20180317
1304,1,Tina Graudina,Abril Bustamante,Kenzie Maloney,Annika Albrecht,USC,Nebraska,1166,20180317
1309,1,Vanessa Freire,Sara Putt,Jessica Wooten,Aeriel Horton,Houston Baptist,Florida State,1170,20180317
1314,1,Hailey Luke,Katie Horton,Savannah Siegrist,Mackenzie Swan,Florida State,Jacksonville,1171,20180317
1319,1,Carly Kan,Laurel Weaver,Molly Turner,Kelli Iverson,Hawaii,Grand Canyon,1172,20180317
1324,1,Alexia Inman,Mima Mirkovic,Nandyala Gama,Lyndi Scholl,Cal,San Jose State University,1173,20180317
1329,1,Alexia Inman,Mima Mirkovic,Andie Shelton,Maycie LaBass,Cal,Pacific,1174,20180317
1334,1,Natalie Anselmo,Olivia Macdonald,Jillian Bergeson,Jaelyn Greene,Arizona,TCU,1175,20180317
1339,1,Morgan Hughes,Payton Rund,Anna Dalla Vecchia,Julia Topor,Saint Mary's,USF,1176,20180317
1344,1,Selina Marolf,Abigail Devido,Rachel Kuhn,Cara Sander,Texas A&M; Corpus Christi,New Orleans,1179,20180317
1349,1,Nicole McNamara,Megan McNamara,Taylor Fricano,Veronica Snelling,UCLA,Missouri State,1180,20180317
1354,1,Nicole McNamara,Megan McNamara,Katie Scherr,Taylor Woods,UCLA,Colorado Mesa,1181,20180317
1359,1,Andie Shelton,Maycie LaBass,Nandyala Gama,Lyndi Scholl,San Jose State University,Pacific,1182,20180317
1364,1,Nicole McNamara,Megan McNamara,Savannah  Slattery,McKayla Ferris,UCLA,LMU,1183,20180317
1369,1,Taylor Fricano,Veronica Snelling,Katie Scherr,Taylor Woods,Missouri State,Colorado Mesa,1184,20180317
1373,1,Savannah  Slattery,McKayla Ferris,Taylor Fricano,Veronica Snelling,LMU,Missouri State,1185,20180317
1378,1,Savannah  Slattery,McKayla Ferris,Taylor Woods,Katie Scherr,LMU,Colorado Mesa,1188,20180317
1383,1,Brook Bauer,Madalyn Roh,Kristen Nuss,Claire Coppola,LSU,Pepperdine,1189,20180318
1389,1,Madalyn Roh,Brook Bauer,Annika Van Gunst,Teegan Van Gunst,Georgia State,Pepperdine,1191,20180318
1394,1,Shannon Williams,Ali Denney,Kristen Nuss,Claire Coppola,LSU,South Carolina,1192,20180318
1399,1,Rachel Kuhn,Cara Sander,Caitlyn Cox,Adriana Skipper,New Orleans,Ottawa,1193,20180318
1404,1,Emily Maglio,Ka'iwi Schucht,Tina Graudina,Abril Bustamante,Hawaii,USC,1194,20180318
1409,1,Abril Bustamante,Tina Graudina,Kelly Hunter,Lauren Stivrins,USC,Nebraska,1195,20180318
1414,1,Hannah Towne,Molly Turner,Annika Albrecht,Kenzie Maloney,Grand Canyon,Nebraska,1196,20180318
1419,1,Gabby Atchley,Whitney Walker,Selina Marolf,Abigail Devido,Texas A&M; Corpus Christi,Texas A&M; Kingsville,1197,20180318
1421,1,Ka'iwi Schucht,Emily Maglio,Molly Turner,Hannah Towne,Hawaii,Grand Canyon,1198,20180318
1426,1,Selina Marolf,Abigail Devido,Adriana Skipper,Caitlyn Cox,Texas A&M; Corpus Christi,Ottawa,1199,20180318
1431,1,Ka'iwi Schucht,Emily Maglio,Kelly Hunter,Lauren Stivrins,Hawaii,Nebraska,1200,20180318
1436,1,Ali Denney,Shannon Williams,Sadie Anderson,Katie Will,South Carolina,Jacksonville State,1201,20180318
1441,1,Teegan Van Gunst,Annika Van Gunst,Katie Will,Kaylie Milton,Georgia State,Jacksonville State,1202,20180318
1446,1,Olivia Macdonald,Natalie Anselmo,Kristen Mead,Hailey Lindberg,Arizona,Santa Clara,1203,20180318
1451,1,Olivia Macdonald,Natalie Anselmo,Nandyala Gama,Lyndi Scholl,Arizona,San Jose State University,1204,20180318
1456,1,Nandyala Gama,Lyndi Scholl,Kristen Mead,Hailey Lindberg,San Jose State University,Santa Clara,1205,20180318
1465,1,Morgan Hughes,Payton Rund,Maycie LaBass,Andie Shelton,Saint Mary's,Pacific,1215,20180320
1470,1,Ka'iwi Schucht,Emily Maglio,Kelly Hunter,Lauren Stivrins,Hawaii,Nebraska,1216,20180320
1475,1,Carly Scarborough,Amanda Silva,Allie Geary,Anna Tovo,FAU,Florida Southern,1217,20180321
1480,1,Devon Rachel,Mckala Rhodes,Veronica Corcoran,Rachel Kuhn,College of Charleston,New Orleans,1218,20180321
1485,1,Federica Frasca,Margherita Bianchin,Amanda Carroll,Mackenzie Allen,FIU,FGCU,1219,20180321
1490,1,Maddy Kline,Nicole Lott,Dora Lulic,Carla Cahill,UNC Wilmington,Coastal Carolina,1220,20180321
1495,1,Maddy Kline,Nicole Lott,Dora Lulic,Carla Cahill,UNC Wilmington,Coastal Carolina,1221,20180321
1500,1,Taylor Fricano,Veronica Snelling,Adriana Skipper,Yuleika Jimenez,Missouri State,Ottawa,1224,20180322
1505,1,Anete Brinke,Sasha Karelov,Jordan Anderson,Kimmy Gardiner,Washington,Long Beach State,1225,20180322
1510,1,Nele Barber,Rachel Nieto,Kayla Tinker,Gabby Morrison,Long Beach State,Vanguard,1226,20180322
1515,1,Jordan Anderson,Kimmy Gardiner,Kayla Tinker,Gabby Morrison,Washington,Vanguard,1227,20180322
1520,1,Teegan Van Gunst,Annika Van Gunst,Katie Will,Sadie Anderson,Georgia State,Jacksonville State,1228,20180323
1525,1,Courtney Miller,Carina Hoff,Sophie Peel,Kacy Ogden,UNF,Mercer,1229,20180323
1530,1,Nele Barber,Rachel Nieto,Kelly Hunter,Lauren Stivrins,Long Beach State,Nebraska,1230,20180323
1535,1,Nele Barber,Rachel Nieto,Vanessa Bernzen,Tristan Self,Long Beach State,Concordia,1231,20180323
1540,1,Lauren Stivrins,Kelly Hunter,Tristan Self,Vanessa Bernzen,Nebraska,Concordia,1232,20180323
1545,1,Teegan Van Gunst,Annika Van Gunst,Carina Hoff,Courtney Miller,Georgia State,UNF,1233,20180323
1550,1,Gabby Love,Grace Convey,Sophie Peel,Kacy Ogden,ULM,Mercer,1234,20180323
1555,1,Federica Frasca,Margherita Bianchin,Jenya Kruglova,Anna Garrett,FIU,Saint Leo,1235,20180323
1560,1,Federica Frasca,Margherita Bianchin,Mackenzie Swan,Savannah Siegrist,FIU,Jacksonville,1237,20180323
1565,1,Mackenzie Swan,Savannah Siegrist,Sydney Marshall,Makena Wilson,Jacksonville,Florida Southern,1240,20180323
1570,1,Selina Marolf,Abigail Devido,Gabby Atchley,Whitney Walker,Texas A&M; Corpus Christi,Texas A&M; Kingsville,1253,20180323
1573,1,Lyndi Scholl,Nandyala Gama,Anna Dalla Vecchia,Julia Topor,San Jose State University,USF,1255,20180323
1578,1,Ginny Gerig,Cecily Gable,Emily Fedonczak,Nichole LeFevre,Austin Peay State ,Huntingdon,1256,20180323
1586,1,Gabby Love,Grace Convey,Katie Will,Sadie Anderson,ULM,Jacksonville State,1258,20180324
1591,1,Sophie Peel,Kacy Ogden,Katie Will,Sadie Anderson,Mercer,Jacksonville State,1259,20180324
1596,1,Carina Hoff,Courtney Miller,Gabby Love,Grace Convey,UNF,ULM,1260,20180324
1601,1,Megan McNamara,Nicole McNamara,Kwyn Johnson,Mia Rivera,UCLA,ASU,1261,20180324
1606,1,Ka'iwi Schucht,Emily Maglio,Maddy Kline,Nicole Lott,Hawaii,UNC Wilmington,1262,20180324
1611,1,Federica Frasca,Margherita Bianchin,Mackenzie Redner,Savanna Cary,FIU,Eckerd ,1263,20180324
1615,1,Abril Bustamante,Tina Graudina,Alexia Inman,Mima Mirkovic,USC,Cal,1264,20180324
1620,1,Haven Hill,Cassie House,Kenley Adams,Devon May,TCU,UAB,1265,20180324
1625,1,Kathryn Plummer,Sunny Villapando,Jordan Anderson,Kimmy Gardiner,Stanford,Washington,1266,20180324
1630,1,Megan McNamara,Nicole McNamara,Natalie Anselmo,Olivia Macdonald,UCLA,Arizona,1267,20180324
1635,1,Teegan Van Gunst,Annika Van Gunst,Gabby Love,Grace Convey,Georgia State,ULM,1268,20180324
1640,1,Carina Hoff,Courtney Miller,Katie Will,Sadie Anderson,UNF,Jacksonville State,1269,20180324
1645,1,Annika Van Gunst,Teegan Van Gunst,Sophie Peel,Kacy Ogden,Georgia State,Mercer,1270,20180324
1650,1,Maddy Kline,Nicole Lott,Devon May,Kenley Adams,UNC Wilmington,UAB,1271,20180324
1655,1,Tina Graudina,Abril Bustamante,Kwyn Johnson,Mia Rivera,USC,ASU,1272,20180324
1660,1,Alexia Inman,Mima Mirkovic,Jordan Anderson,Kimmy Gardiner,Cal,Washington,1273,20180324
1665,1,Shannon Williams,Ali Denney,Amanda Carroll,Mackenzie Allen,South Carolina,FGCU,1274,20180324
1670,1,Torrey Van Winden,Tia Miric,Savannah  Slattery,Jessie Prichard,Cal Poly SLO,LMU,1275,20180324
1675,1,Torrey Van Winden,Tia Miric,Sydney Haynes,Emily Hansen,Cal Poly SLO,Cal State Bakersfield,1276,20180324
1683,1,Federica Frasca,Margherita Bianchin,Sydney Marshall,Makena Wilson,FIU,Florida Southern,1279,20180324
1689,1,Carly Perales,Sunniva Helland-Hansen,Payton Gidney,Julie Vujnovich,Stetson,Spring Hill College,1282,20180324
1694,1,Kristen Nuss,Claire Coppola,Sunniva Helland-Hansen,Carly Perales,LSU,Stetson,1283,20180324
1699,1,Kathryn Plummer,Sunny Villapando,Natalie Anselmo,Olivia Macdonald,Stanford,Arizona,1284,20180324
1704,1,Mackenzie Allen,Amanda Carroll,Cassie House,Haven Hill,TCU,FGCU,1285,20180324
1709,1,Aeriel Horton,Jessica Wooten,Hayley Tippett,Megan Nash,Houston Baptist,Central Arkansas,1286,20180324
1714,1,Megan Nash,Hayley Tippett,Adriana Skipper,Caitlyn Cox,Central Arkansas,Ottawa,1287,20180324
1719,1,Aeriel Horton,Jessica Wooten,Caitlyn Cox,Adriana Skipper,Houston Baptist,Ottawa,1288,20180324
1724,1,Ka'iwi Schucht,Emily Maglio,Shannon Williams,Ali Denney,Hawaii,South Carolina,1289,20180324
1729,1,Katja Ehlers,Krissy Mummey,Kaylie Mchugh,Madeline Mertz,Tulane,College of Charleston,1290,20180324
1734,1,Madeline Mertz,Kaylie Mchugh,Julie Vujnovich,Payton Gidney,Tulane,Spring Hill College,1291,20180324
1738,1,Sammee Thomas,Darby Dunn,Kaylie Mchugh,Madeline Mertz,Tulane,Stetson,1292,20180324
1743,1,Claire Coppola,Kristen Nuss,Carly Scarborough,Amanda Silva,LSU,FAU,1293,20180324
1748,1,Claire Coppola,Kristen Nuss,Cara Sander,Veronica Corcoran,LSU,New Orleans,1294,20180324
1753,1,Jessie Prichard,Savannah  Slattery,Sydney Haynes,Emily Hansen,LMU,Cal State Bakersfield,1295,20180324
1758,1,Tani Stephens ,Cali Thompson,Taylor Agost,Lindsey Vander Weide,Portland,Oregon,1296,20180324
1763,1,Skylar Wine,Andie Shelton,Julia Topor,Anna Dalla Vecchia,Pacific,USF,1297,20180324
1768,1,Carly Scarborough,Amanda Silva,Krissy Mummey,Katja Ehlers,FAU,College of Charleston,1298,20180324
1773,1,Krissy Mummey,Katja Ehlers,Victoria Corcoran,Rachel Kuhn,College of Charleston,New Orleans,1299,20180324
1778,1,Ginny Gerig,Cecily Gable,Morgan Harlan,Kelly Hughes,Austin Peay State ,Carson-Newman,1300,20180324
1783,1,Nicole Lott,Maddy Kline,Mackenzie Allen,Amanda Carroll,UNC Wilmington,FGCU,1308,20180325
1788,1,Haven Hill,Cassie House,Maddy Kline,Nicole Lott,UNC Wilmington,TCU,1309,20180325
1793,1,Megan McNamara,Nicole McNamara,Alexia Inman,Mima Mirkovic,UCLA,Cal,1310,20180325
1798,1,Abril Bustamante,Tina Graudina,Natalie Anselmo,Olivia Macdonald,USC,Arizona,1311,20180325
1803,1,Megan McNamara,Nicole McNamara,Jordan Anderson,Kimmy Gardiner,UCLA,Washington,1312,20180325
1808,1,Kathryn Plummer,Sunny Villapando,Kwyn Johnson,Mia Rivera,Stanford,ASU,1313,20180325
1813,1,Emily Maglio,Ka'iwi Schucht,Mackenzie Allen,Amanda Carroll,Hawaii,FGCU,1314,20180325
1818,1,Darby Dunn,Sammee Thomas,Katja Ehlers,Krissy Mummey,Stetson,College of Charleston,1315,20180325
1823,1,Darby Dunn,Sammee Thomas,Victoria Corcoran,Cara Sander,Stetson,New Orleans,1316,20180325
1828,1,Abril Bustamante,Tina Graudina,Kathryn Plummer,Sunny Villapando,USC,Stanford,1317,20180325
1833,1,Ka'iwi Schucht,Emily Maglio,Kenley Adams,Devon May,Hawaii,UAB,1318,20180325
1838,1,Alexia Inman,Mima Mirkovic,Natalie Anselmo,Olivia Macdonald,Cal,Arizona,1319,20180325
1843,1,Kwyn Johnson,Mia Rivera,Jordan Anderson,Kimmy Gardiner,Washington,ASU,1320,20180325
1848,1,Carly Scarborough,Amanda Silva,Madeline Mertz,Kaylie Mchugh,FAU,Tulane,1321,20180325
1853,1,Kristen Nuss,Claire Coppola,Kaylie Mchugh,Madeline Mertz,LSU,Tulane,1322,20180325
1858,1,Claire Coppola,Kristen Nuss,Krissy Mummey,Katja Ehlers,LSU,College of Charleston,1323,20180325
1863,1,Ali Denney,Shannon Williams,Haven Hill,Cassie House,TCU,South Carolina,1324,20180325
1868,1,Kenley Adams,Devon May,Shannon Williams,Ali Denney,UAB,South Carolina,1325,20180325
1873,1,Carly Scarborough,Amanda Silva,Julie Vujnovich,Payton Gidney,FAU,Spring Hill College,1326,20180325
1878,1,Payton Gidney,Julie Vujnovich,Victoria Corcoran,Cara Sander,New Orleans,Spring Hill College,1327,20180325
1880,1,Torrey Van Winden,Tia Miric,Lindsey Vander Weide,August Raskie,Cal Poly SLO,Oregon,1328,20180326
1885,1,Megan McNamara,Nicole McNamara,Brook Bauer,Madalyn Roh,UCLA,Pepperdine,1329,20180327
1890,1,Kathryn Plummer,Sunny Villapando,Alejandra Negron,Karla Santos,Stanford,CSULA,1330,20180327
1895,1,Nele Barber,Rachel Nieto,Kathryn Plummer,Sunny Villapando,Long Beach State,Stanford,1331,20180327
1900,1,Nele Barber,Rachel Nieto,Karla Santos,Alejandra Negron,Long Beach State,CSULA,1332,20180327
1905,1,Carina Hoff,Courtney Miller,Morgan Dees,Katie Krawczyk,UNF,Jacksonville,1338,20180328
1910,1,Courtney Miller,Carina Hoff,Morgan Dees,Katie Krawczyk,UNF,Jacksonville,1339,20180328
1915,1,Nele Barber,Rachel Nieto,Lindsey Vander Weide,August Raskie,Long Beach State,Oregon,1340,20180328
1920,1,Nele Barber,Rachel Nieto,Lindsey Knudsen,Emily Bible,Long Beach State,Saint Mary's,1341,20180328
1925,1,Savannah  Slattery,McKayla Ferris,Katie Sato,Aeryn Owens,LMU,Cal State Northridge,1342,20180328
1930,1,Emily Bible,Lindsey Knudsen,Lindsey Vander Weide,August Raskie,Saint Mary's,Oregon,1343,20180328
1935,1,Aeriel Horton,Jessica Wooten,Gabby Atchley,Whitney Walker,Houston Baptist,Texas A&M; Kingsville,1347,20180329
1939,1,Jordan Anderson,Kimmy Gardiner,Janell Walley,Sabryn Roberts,Washington,Boise State,1348,20180329
1944,1,Janell Walley,Sabryn Roberts,Cali Thompson,Tani Stephens ,Boise State,Portland,1349,20180329
1949,1,Shannon Williams,Ali Denney,Haven Hill,Cassie House,South Carolina,TCU,1350,20180330
1954,1,Federica Frasca,Margherita Bianchin,Molly Turner,Hannah Towne,FIU,Grand Canyon,1351,20180330
1959,1,Nicole McNamara,Megan McNamara,Vanessa Freire,Sara Putt,UCLA,Florida State,1352,20180330
1964,1,Savannah  Slattery,McKayla Ferris,Payton Rund,Morgan Hughes,LMU,Saint Mary's,1353,20180329
1969,1,Morgan Hughes,Payton Rund,Vanessa Bernzen,Tristan Self,Saint Mary's,Concordia,1354,20180329
1974,1,Mackenzie Allen,Amanda Carroll,Dora Lulic,Carla Cahill,FGCU,Coastal Carolina,1355,20180330
1979,1,Carly Scarborough,Amanda Silva,Molly Turner,Hannah Towne,Grand Canyon,FAU,1356,20180330
1984,1,Megan McNamara,Nicole McNamara,Federica Frasca,Margherita Bianchin,UCLA,FIU,1357,20180330
1989,1,Sunniva Helland-Hansen,Carly Perales,Sophie Peel,Kacy Ogden,Stetson,Mercer,1358,20180330
1994,1,Teegan Van Gunst,Annika Van Gunst,Madeline Mertz,Kaylie Mchugh,Tulane,Georgia State,1359,20180330
1999,1,Emily Maglio,Ka'iwi Schucht,Sydney Haynes,Emily Hansen,Hawaii,Cal State Bakersfield,1360,20180330
2004,1,Torrey Van Winden,Tia Miric,Aeryn Owens,Katie Sato,Cal Poly SLO,Cal State Northridge,1361,20180330
2009,1,Ali Denney,Shannon Williams,Molly Turner,Hannah Towne,Grand Canyon,South Carolina,1362,20180330
2014,1,Natalie Anselmo,Olivia Macdonald,Gabby Atchley,Whitney Walker,Arizona,Texas A&M; Kingsville,1363,20180330
2018,1,Mackenzie Allen,Amanda Carroll,Sophie Peel,Kacy Ogden,FGCU,Mercer,1364,20180330
2023,1,Maddy Kline,Nicole Lott,Morgan Harlan,Kelly Hughes,UNC Wilmington,Carson-Newman,1365,20180330
2028,1,Krissy Mummey,Katja Ehlers,Marion Couraud,Sarah Bolton,College of Charleston,Missouri Baptist University,1366,20180330
2033,1,Aeryn Owens,Katie Sato,Emily Hansen,Sydney Haynes,Cal State Northridge,Cal State Bakersfield,1367,20180330
2038,1,Megan McNamara,Nicole McNamara,Carly Scarborough,Amanda Silva,UCLA,FAU,1370,20180330
2043,1,Vanessa Freire,Sara Putt,Cassie House,Haven Hill,TCU,Florida State,1371,20180330
2048,1,Federica Frasca,Margherita Bianchin,Shannon Williams,Ali Denney,FIU,South Carolina,1372,20180330
2053,1,Sarah Davis,Mikaela Nocetti,Emily Hansen,Sydney Haynes,Cal State Bakersfield,"Cal State University, Sacramento",1373,20180330
2058,1,Emily Maglio,Ka'iwi Schucht,Katie Sato,Aeryn Owens,Hawaii,Cal State Northridge,1374,20180330
2063,1,Maddie Irwin,Erin Martin,Jacey Smith,Kendall Bosse,New Mexico,Abilene Christian,1375,20180330
2068,1,Maddie Irwin,Erin Martin,Katie Scherr,Taylor Woods,New Mexico,Colorado Mesa,1376,20180330
2073,1,Kwyn Johnson,Mia Rivera,Katie Scherr,Taylor Woods,ASU,Colorado Mesa,1377,20180330
2078,1,Kwyn Johnson,Mia Rivera,Jacey Smith,Kendall Bosse,ASU,Abilene Christian,1378,20180330
2083,1,Mima Mirkovic,Alexia Inman,Julia Topor,Anna Dalla Vecchia,Cal,USF,1379,20180330
2088,1,Claire Coppola,Kristen Nuss,Natalie Anselmo,Olivia Macdonald,LSU,Arizona,1380,20180330
2093,1,Madeline Mertz,Kaylie Mchugh,Carly Scarborough,Amanda Silva,Tulane,FAU,1381,20180330
2098,1,Annika Van Gunst,Teegan Van Gunst,Cassie House,Haven Hill,Georgia State,TCU,1382,20180330
2103,1,Claire Coppola,Kristen Nuss,Devon May,Kenley Adams,LSU,UAB,1383,20180330
2108,1,Torrey Van Winden,Tia Miric,Sarah Davis,Mikaela Nocetti,Cal Poly SLO,"Cal State University, Sacramento",1386,20180330
2113,1,Jordan Anderson,Kimmy Gardiner,Janell Walley,Sabryn Roberts,Washington,Boise State,1391,20180330
2118,1,Jordan Anderson,Kimmy Gardiner,Tani Stephens ,Cali Thompson,Washington,Portland,1392,20180330
2123,1,McKayla Ferris,Savannah  Slattery,Tristan Self,Vanessa Bernzen,LMU,Concordia,1393,20180329
2128,1,Jessie Prichard,Sara Kovac,Kayla Tinker,Gabby Morrison,LMU,Vanguard,1394,20180329
2133,1,Devon May,Kenley Adams,Katie Will,Sadie Anderson,UAB,Jacksonville State,1395,20180330
2138,1,Hayley Tippett,Megan Nash,Whitney Walker,Gabby Atchley,Central Arkansas,Texas A&M; Kingsville,1396,20180330
2142,1,Hayley Tippett,Megan Nash,Abigail Devido,Selina Marolf,Central Arkansas,Texas A&M; Corpus Christi,1397,20180330
2147,1,Courtney Miller,Carina Hoff,Morgan Harlan,Kelly Hughes,UNF,Carson-Newman,1398,20180330
2152,1,Courtney Miller,Carina Hoff,Carlee Baxter,Amber Lake,UNF,Webber,1399,20180330
2157,1,Krissy Mummey,Katja Ehlers,Maddy Kline,Nicole Lott,UNC Wilmington,College of Charleston,1400,20180330
2162,1,Vanessa Freire,Victoria Paranagua,Madeline Mertz,Kaylie Mchugh,Florida State,Tulane,1401,20180331
2167,1,Nicole McNamara,Megan McNamara,Molly Turner,Hannah Towne,UCLA,Grand Canyon,1402,20180331
2172,1,Carly Scarborough,Amanda Silva,Haven Hill,Cassie House,FAU,TCU,1403,20180331
2177,1,Selina Marolf,Abigail Devido,Katie Will,Sadie Anderson,Texas A&M; Corpus Christi,Jacksonville State,1404,20180330
2182,1,Victoria Paranagua,Vanessa Freire,Federica Frasca,Margherita Bianchin,Florida State,FIU,1405,20180331
2187,1,JM Lewandowski,Nicole Lott,Marion Couraud,Sarah Bolton,UNC Wilmington,Missouri Baptist University,1406,20180330
2192,1,Krissy Mummey,Katja Ehlers,Maddy Kline,Nicole Lott,UNC Wilmington,College of Charleston,1407,20180330
2197,1,Darby Dunn,Sammee Thomas,Carla Cahill,Dora Lulic,Stetson,Coastal Carolina,1408,20180330
2202,1,Mackenzie Allen,Amanda Carroll,Carla Cahill,Dora Lulic,FGCU,Coastal Carolina,1409,20180331
2207,1,Nicole McNamara,Megan McNamara,Shannon Williams,Ali Denney,UCLA,South Carolina,1410,20180331
2212,1,Corinne Quiggle,Deahna Kraft,Savannah  Slattery,McKayla Ferris,Pepperdine,LMU,1416,20180331
2217,1,Natalie Anselmo,Olivia Macdonald,Hayley Tippett,Megan Nash,Arizona,Central Arkansas,1417,20180331
2222,1,Abril Bustamante,Tina Graudina,Payton Rund,Morgan Hughes,USC,Saint Mary's,1419,20180331
2227,1,Madeline Mertz,Kaylie Mchugh,Federica Frasca,Margherita Bianchin,FIU,Tulane,1420,20180331
2232,1,Corinne Quiggle,Deahna Kraft,Morgan Hughes,Payton Rund,Pepperdine,Saint Mary's,1421,20180331
2237,1,Molly Turner,Hannah Towne,Teegan Van Gunst,Annika Van Gunst,Grand Canyon,Georgia State,1422,20180331
2242,1,Natalie Anselmo,Olivia Macdonald,Abigail Devido,Selina Marolf,Arizona,Texas A&M; Corpus Christi,1423,20180331
2247,1,Haven Hill,Cassie House,Madeline Mertz,Kaylie Mchugh,Tulane,TCU,1424,20180331
2252,1,Claire Coppola,Kristen Nuss,Gabby Atchley,Whitney Walker,LSU,Texas A&M; Kingsville,1425,20180331
2257,1,Claire Coppola,Kristen Nuss,Katie Will,Sadie Anderson,LSU,Jacksonville State,1426,20180331
2262,1,Savannah  Slattery,McKayla Ferris,Payton Rund,Morgan Hughes,Saint Mary's,LMU,1427,20180331
2267,1,Deahna Kraft,Corinne Quiggle,Abril Bustamante,Tina Graudina,USC,Pepperdine,1428,20180331
2272,1,Kwyn Johnson,Mia Rivera,Maddie Irwin,Erin Martin,ASU,New Mexico,1429,20180331
2277,1,Eastyn Baleto,Lauren Twitty,Jacey Smith,Kendall Bosse,New Mexico,Abilene Christian,1430,20180331
2282,1,Tina Graudina,Abril Bustamante,Savannah  Slattery,McKayla Ferris,USC,LMU,1431,20180331
2287,1,Emily Maglio,Ka'iwi Schucht,Tia Miric,Torrey Van Winden,Hawaii,Cal Poly SLO,1432,20180331
2292,1,Nele Barber,Rachel Nieto,Katie Sato,Aeryn Owens,Long Beach State,Cal State Northridge,1433,20180331
2297,1,Emily Maglio,Ka'iwi Schucht,Sarah Davis,Mikaela Nocetti,Hawaii,"Cal State University, Sacramento",1434,20180331
2302,1,Sasha Karelov,Anete Brinke,Emily Hansen,Sydney Haynes,Long Beach State,Cal State Bakersfield,1435,20180331
2307,1,Aeryn Owens,Katie Sato,Sarah Davis,Mikaela Nocetti,Cal State Northridge,"Cal State University, Sacramento",1436,20180331
2312,1,Tia Miric,Torrey Van Winden,Sydney Haynes,Emily Hansen,Cal Poly SLO,Cal State Bakersfield,1437,20180331
2317,1,Ka'iwi Schucht,Emily Maglio,Nele Barber,Rachel Nieto,Hawaii,Long Beach State,1438,20180331
2322,1,Kwyn Johnson,Mia Rivera,Katie Scherr,Taylor Woods,ASU,Colorado Mesa,1439,20180331
2327,1,Vanessa Freire,Victoria Paranagua,Molly Turner,Hannah Towne,Grand Canyon,Florida State,1441,20180331
2332,1,Federica Frasca,Margherita Bianchin,Annika Van Gunst,Teegan Van Gunst,FIU,Georgia State,1442,20180331
2337,1,Darby Dunn,Sammee Thomas,Sophie Peel,Kacy Ogden,Stetson,Mercer,1443,20180331
2342,1,Sunniva Helland-Hansen,Carly Perales,Carla Cahill,Dora Lulic,Stetson,Coastal Carolina,1444,20180331
2347,1,Carina Hoff,Courtney Miller,Maddy Kline,Nicole Lott,UNC Wilmington,UNF,1445,20180331
2352,1,Krissy Mummey,Katja Ehlers,Carina Hoff,Courtney Miller,College of Charleston,UNF,1446,20180331
2357,1,Krissy Mummey,Katja Ehlers,Carlee Baxter,Amber Lake,College of Charleston,Webber,1447,20180331
2362,1,Hayley Tippett,Megan Nash,Katie Will,Sadie Anderson,Central Arkansas,Jacksonville State,1448,20180331
2367,1,Whitney Walker,Gabby Atchley,Devon May,Kenley Adams,UAB,Texas A&M; Kingsville,1449,20180331
2369,1,Devon May,Kenley Adams,Abigail Devido,Selina Marolf,UAB,Texas A&M; Corpus Christi,1450,20180331
2374,1,JM Lewandowski,Nicole Lott,Marion Couraud,Sarah Bolton,UNC Wilmington,Missouri Baptist University,1454,20180330
2379,1,Mackenzie Allen,Amanda Carroll,Sophie Peel,Kacy Ogden,FGCU,Mercer,1455,20180331
2384,1,Torrey Van Winden,Tia Miric,Rachel Nieto,Nele Barber,Cal Poly SLO,Long Beach State,1456,20180401
2389,1,Nele Barber,Rachel Nieto,Sarah Davis,Mikaela Nocetti,Long Beach State,"Cal State University, Sacramento",1457,20180401
2394,1,Ginny Gerig,Cecily Gable,Jessie Wachtman,Liz Allen,Austin Peay State ,Morehead State,1458,20180402
2399,1,Ginny Gerig,Cecily Gable,Jessie Wachtman,Liz Allen,Austin Peay State ,Morehead State,1459,20180402
2404,1,Darby Dunn,Sammee Thomas,Mackenzie Allen,Amanda Carroll,Stetson,FGCU,1460,20180404
2409,1,Sammee Thomas,Darby Dunn,Mackenzie Allen,Amanda Carroll,Stetson,FGCU,1461,20180404
2414,1,Megan McNamara,Nicole McNamara,Rachel Nieto,Nele Barber,UCLA,Long Beach State,1463,20180404
2419,1,Madeline Mertz,Kaylie Mchugh,Gabby Love,Grace Convey,Tulane,ULM,1464,20180404
2424,1,Madeline Mertz,Kaylie Mchugh,Gabby Love,Grace Convey,Tulane,ULM,1465,20180404
2429,1,Megan McNamara,Nicole McNamara,Abril Bustamante,Tina Graudina,USC,UCLA,1466,20180404
2434,1,Katie Will,Sadie Anderson,Emily Fedonczak,Nichole LeFevre,Jacksonville State,Huntingdon,1467,20180403
2439,1,Katie Sato,Aeryn Owens,Kayla Tinker,Gabby Morrison,Cal State Northridge,Vanguard,1469,20180405
2444,1,Katie Sato,Aeryn Owens,Tristan Self,Vanessa Bernzen,Cal State Northridge,Concordia,1470,20180405
2449,1,Morgan Hughes,Payton Rund,Nandyala Gama,Lyndi Scholl,Saint Mary's,San Jose State University,1471,20180405
2454,1,Cassie House,Haven Hill,Annika Van Gunst,Teegan Van Gunst,TCU,Georgia State,1472,20180406
2459,1,Vanessa Freire,Victoria Paranagua,Carly Scarborough,Amanda Silva,Florida State,FAU,1473,20180406
2464,1,Cassie House,Haven Hill,Kenley Adams,Devon May,TCU,UAB,1474,20180406
2469,1,Katie Krawczyk,Morgan Dees,Carla Cahill,Dora Lulic,Jacksonville,Coastal Carolina,1475,20180406
2474,1,Carina Hoff,Courtney Miller,Carla Cahill,Dora Lulic,UNF,Coastal Carolina,1476,20180406
2479,1,Sammee Thomas,Darby Dunn,Taylor Woods,Katie Scherr,Stetson,Colorado Mesa,1477,20180406
2484,1,Alexia Inman,Mima Mirkovic,Kwyn Johnson,Mia Rivera,Cal,ASU,1478,20180406
2489,1,Natalie Anselmo,Olivia Macdonald,Sammee Thomas,Darby Dunn,Stetson,Arizona,1479,20180406
2494,1,Teegan Van Gunst,Annika Van Gunst,Kenley Adams,Devon May,Georgia State,UAB,1480,20180406
2499,1,Carly Scarborough,Amanda Silva,Maddy Kline,Nicole Lott,FAU,UNC Wilmington,1481,20180406
2504,1,Vanessa Freire,Victoria Paranagua,Cassie House,Haven Hill,Florida State,TCU,1482,20180406
2509,1,Vanessa Freire,Victoria Paranagua,Maddy Kline,Nicole Lott,Florida State,UNC Wilmington,1483,20180406
2514,1,Alexia Inman,Mima Mirkovic,Sammee Thomas,Darby Dunn,Cal,Stetson,1484,20180406
2519,1,Kwyn Johnson,Mia Rivera,Taylor Woods,Katie Scherr,ASU,Colorado Mesa,1485,20180406
2524,1,Carina Hoff,Courtney Miller,Jessica Johnson,Elli Gibson,UNF,Mercer,1486,20180406
2529,1,Katie Krawczyk,Morgan Dees,Kacy Ogden,Sophie Peel,Jacksonville,Mercer,1487,20180406
2534,1,Natalie Anselmo,Olivia Macdonald,Kwyn Johnson,Mia Rivera,Arizona,ASU,1488,20180406
2539,1,Teegan Van Gunst,Annika Van Gunst,Nicole Lott,Maddy Kline,Georgia State,UNC Wilmington,1501,20180407
2544,1,Annika Van Gunst,Teegan Van Gunst,Nicole Lott,Maddy Kline,Georgia State,UNC Wilmington,1502,20180407
2549,1,Carly Scarborough,Amanda Silva,Cassie House,Haven Hill,TCU,FAU,1503,20180407
2553,1,Ka'iwi Schucht,Emily Maglio,McKayla Ferris,Savannah  Slattery,Hawaii,LMU,1504,20180407
2558,1,Emily Maglio,Ka'iwi Schucht,Dani Barton,Adore Anae,Hawaii,Utah,1505,20180407
2563,1,McKayla Ferris,Savannah  Slattery,Jordan Anderson,Kimmy Gardiner,LMU,Washington,1506,20180407
2568,1,Jordan Anderson,Kimmy Gardiner,Adore Anae,Dani Barton,Washington,Utah,1512,20180407
2573,1,Savannah  Slattery,McKayla Ferris,Dani Barton,Adore Anae,Utah,LMU,1515,20180407
2578,1,Emily Maglio,Ka'iwi Schucht,Jordan Anderson,Kimmy Gardiner,Hawaii,Washington,1517,20180407
2583,1,Torrey Van Winden,Tia Miric,Morgan Hentz,Amelia Smith,Stanford,Cal Poly SLO,1521,20180407
2588,1,Megan McNamara,Nicole McNamara,Morgan Hughes,Payton Rund,UCLA,Saint Mary's,1522,20180407
2593,1,Megan McNamara,Nicole McNamara,Torrey Van Winden,Tia Miric,UCLA,Cal Poly SLO,1523,20180407
2598,1,Morgan Hentz,Amelia Smith,Skylar Wine,Andie Shelton,Stanford,Pacific,1524,20180407
2603,1,Natalie Anselmo,Olivia Macdonald,Taylor Woods,Katie Scherr,Arizona,Colorado Mesa,1525,20180407
2607,1,Alexia Inman,Mima Mirkovic,Taylor Woods,Katie Scherr,Cal,Colorado Mesa,1526,20180407
2612,1,Sammee Thomas,Darby Dunn,Kwyn Johnson,Mia Rivera,Stetson,ASU,1527,20180407
2617,1,Sammee Thomas,Darby Dunn,Gabby Morrison,Kayla Tinker,Stetson,Vanguard,1528,20180407
2622,1,Julia Topor,Anna Dalla Vecchia,Nandyala Gama,Lyndi Scholl,San Jose State University,USF,1529,20180407
2627,1,Natalie Anselmo,Olivia Macdonald,Alexia Inman,Mima Mirkovic,Arizona,Cal,1530,20180407
2632,1,Julia Topor,Anna Dalla Vecchia,Nandyala Gama,Lyndi Scholl,San Jose State University,USF,1531,20180407
2637,1,Nandyala Gama,Lyndi Scholl,Kristen Mead,Hailey Lindberg,San Jose State University,Santa Clara,1532,20180407
2642,1,Julia Topor,Anna Dalla Vecchia,Kristen Mead,Hailey Lindberg,USF,Santa Clara,1533,20180407
2647,1,Kaylie Mchugh,Madeline Mertz,Jessica Wooten,Aeriel Horton,Tulane,Houston Baptist,1534,20180407
2652,1,Molly Turner,Hannah Towne,Kimberly Schnars,Stephanie Pollnow,Grand Canyon,Central Arkansas,1535,20180407
2657,1,Kristen Nuss,Claire Coppola,Madeline Mertz,Kaylie Mchugh,Tulane,LSU,1536,20180407
2662,1,Carina Hoff,Courtney Miller,Carla Cahill,Dora Lulic,UNF,Coastal Carolina,1537,20180407
2666,1,Jessica Wooten,Aeriel Horton,Veronica Corcoran,Rachel Kuhn,Houston Baptist,New Orleans,1538,20180407
2671,1,Katie Krawczyk,Mackenzie Swan,Aleksandra Djuric,Leah Hardeman,Jacksonville,Coastal Carolina,1539,20180407
2675,1,Claire Coppola,Kristen Nuss,Hannah Towne,Molly Turner,LSU,Grand Canyon,1540,20180407
2680,1,Katie Krawczyk,Mackenzie Swan,Leah Hardeman,Aleksandra Djuric,Jacksonville,Coastal Carolina,1541,20180407
2684,1,Emily Hansen,Sydney Haynes,Karla Santos,Alejandra Negron,Cal State Bakersfield,CSULA,1542,20180407
2689,1,Sophie Peel,Kacy Ogden,Morgan Dees,Katie Krawczyk,Jacksonville,Mercer,1543,20180407
2693,1,Sarah Davis,Mikaela Nocetti,Karla Santos,Alejandra Negron,"Cal State University, Sacramento",CSULA,1544,20180407
2698,1,Maddie Irwin,Erin Martin,Sydney Haynes,Emily Hansen,Cal State Bakersfield,New Mexico,1545,20180407
2703,1,August Raskie,Lindsey Vander Weide,Cali Thompson,Tani Stephens ,Portland,Oregon,1546,20180407
2708,1,Emily Hansen,Sydney Haynes,Sarah Davis,Mikaela Nocetti,Cal State Bakersfield,"Cal State University, Sacramento",1547,20180407
2713,1,Katie Krawczyk,Mackenzie Swan,Leah Hardeman,Aleksandra Djuric,Jacksonville,Coastal Carolina,1548,20180407
2717,1,Carina Hoff,Courtney Miller,Amber Gibson,Gracie Garanich,UNF,Mercer,1549,20180407
2722,1,Sophie Peel,Kacy Ogden,Morgan Dees,Katie Krawczyk,Jacksonville,Mercer,1550,20180407
2727,1,Kwyn Johnson,Mia Rivera,Kayla Tinker,Gabby Morrison,ASU,Vanguard,1558,20180407
2732,1,Claire Coppola,Kristen Nuss,Aly Brinkley,Jessica Martinez,LSU,Central Arkansas,1563,20180408
2737,1,Molly Turner,Hannah Towne,Jessica Wooten,Aeriel Horton,Houston Baptist,Grand Canyon,1564,20180408
2742,1,Aly Brinkley,Jessica Martinez,Cara Sander,Victoria Corcoran,New Orleans,Central Arkansas,1565,20180408
2747,1,Kaylie Mchugh,Madeline Mertz,Molly Turner,Hannah Towne,Tulane,Grand Canyon,1566,20180408
2752,1,Jordan Anderson,Kimmy Gardiner,Savannah  Slattery,McKayla Ferris,Washington,LMU,1574,20180408
2757,1,Ka'iwi Schucht,Emily Maglio,Dani Barton,Adore Anae,Hawaii,Utah,1575,20180408
2762,1,Nicole McNamara,Megan McNamara,Andie Shelton,Skylar Wine,UCLA,Pacific,1579,20180408
2767,1,Megan McNamara,Nicole McNamara,Morgan Hentz,Amelia Smith,UCLA,Stanford,1580,20180408
2772,1,Madeline Mertz,Kaylie Mchugh,Jessica Martinez,Aly Brinkley,Tulane,Central Arkansas,1581,20180408
2777,1,Kaylie Mchugh,Madeline Mertz,Cara Sander,Victoria Corcoran,Tulane,New Orleans,1582,20180408
2782,1,Emily Sonny,Sam Manley,Andie Shelton,Skylar Wine,Cal Poly SLO,Pacific,1583,20180408
2787,1,Torrey Van Winden,Tia Miric,Morgan Hughes,Payton Rund,Cal Poly SLO,Saint Mary's,1584,20180408
2792,1,Emily Maglio,Ka'iwi Schucht,Jordan Anderson,Kimmy Gardiner,Hawaii,Washington,1585,20180408
2797,1,McKayla Ferris,Savannah  Slattery,Dani Barton,Adore Anae,LMU,Utah,1586,20180408
2802,1,Morgan Hughes,Payton Rund,Amelia Smith,Morgan Hentz,Saint Mary's,Stanford,1587,20180408
2807,1,Jessica Wooten,Aeriel Horton,Katie Will,Charis Ludtke,Houston Baptist,Jacksonville State,1588,20180302
2812,1,Corinne Quiggle,Deahna Kraft,Tina Graudina,Abril Bustamante,USC,Pepperdine,1589,20180410
2817,1,Andie Shelton,Skylar Wine,Kristen Mead,Hailey Lindberg,Pacific,Santa Clara,1590,20180410
2822,1,Amanda Carroll,Mackenzie Allen,Amber Lake,Carlee Baxter,FGCU,Webber,1591,20180410
2826,1,Amber Gibson,Gracie Garanich,Dora Lulic,Carla Cahill,Mercer,Coastal Carolina,1592,20180411
2831,1,Sophie Peel,Kacy Ogden,Carla Cahill,Dora Lulic,Mercer,Coastal Carolina,1593,20180411
2836,1,Aeryn Owens,Katie Sato,Sydney Haynes,Emily Hansen,Cal State Northridge,Cal State Bakersfield,1596,20180412
2841,1,Savannah  Slattery,McKayla Ferris,Sydney Haynes,Emily Hansen,LMU,Cal State Bakersfield,1597,20180412
2846,1,Savannah  Slattery,McKayla Ferris,Katie Sato,Aeryn Owens,LMU,Cal State Northridge,1598,20180412
2851,1,Madeline Mertz,Kaylie Mchugh,Krissy Mummey,Katja Ehlers,Tulane,College of Charleston,1599,20180413
2856,1,Margherita Bianchin,Federica Frasca,Kenley Adams,Devon May,FIU,UAB,1601,20180413
2861,1,Shannon Williams,Ali Denney,Leah Hardeman,Aleksandra Djuric,South Carolina,Coastal Carolina,1602,20180413
2866,1,Shannon Williams,Ali Denney,Kaylie Mchugh,Madeline Mertz,Tulane,South Carolina,1603,20180413
2871,1,Darby Dunn,Sammee Thomas,Carina Hoff,Courtney Miller,Stetson,UNF,1605,20180413
2876,1,Sammee Thomas,Darby Dunn,Katie Krawczyk,Morgan Dees,Stetson,Jacksonville,1606,20180413
2881,1,Amanda Carroll,Mackenzie Allen,Morgan Dees,Katie Krawczyk,FGCU,Jacksonville,1607,20180413
2886,1,Carina Hoff,Courtney Miller,Amanda Carroll,Mackenzie Allen,FGCU,UNF,1608,20180413
2891,1,Gabby Love,Grace Convey,Cecily Gable,Ginny Gerig,ULM,Austin Peay State ,1609,20180413
2898,1,Hayley Tippett,Megan Nash,Gabby Love,Grace Convey,Central Arkansas,ULM,1612,20180413
2903,1,Jessica Martinez,Aly Brinkley,Ginny Gerig,Cecily Gable,Central Arkansas,Austin Peay State ,1613,20180413
2908,1,Katja Ehlers,Krissy Mummey,Taylor Fricano,Veronica Snelling,Missouri State,College of Charleston,1614,20180413
2913,1,Leah Hardeman,Aleksandra Djuric,Taylor Fricano,Veronica Snelling,Coastal Carolina,Missouri State,1615,20180413
2918,1,Corinne Quiggle,Deahna Kraft,Natalie Anselmo,Olivia Macdonald,Pepperdine,Arizona,1622,20180414
2923,1,Torrey Van Winden,Tia Miric,Natalie Anselmo,Olivia Macdonald,Cal Poly SLO,Arizona,1623,20180414
2928,1,Amanda Carroll,Mackenzie Allen,Courtney Miller,Carina Hoff,UNF,FGCU,1624,20180414
2933,1,Corinne Quiggle,Deahna Kraft,Torrey Van Winden,Tia Miric,Pepperdine,Cal Poly SLO,1625,20180414
2938,1,Mackenzie Allen,Amanda Carroll,Morgan Dees,Katie Krawczyk,FGCU,Jacksonville,1626,20180414
2943,1,Megan Nash,Hayley Tippett,Gabby Love,Grace Convey,Central Arkansas,ULM,1627,20180414
2948,1,Megan Nash,Hayley Tippett,Ginny Gerig,Cecily Gable,Central Arkansas,Austin Peay State ,1628,20180414
2953,1,Federica Frasca,Margherita Bianchin,Kenley Adams,Devon May,UAB,FIU,1629,20180414
2958,1,Abril Bustamante,Tina Graudina,Jordan Anderson,Kimmy Gardiner,USC,Washington,1630,20180414
2963,1,Abril Bustamante,Tina Graudina,Morgan Hentz,Amelia Smith,USC,Stanford,1631,20180414
2968,1,Amelia Smith,Morgan Hentz,Lindsey Vander Weide,August Raskie,Stanford,Oregon,1632,20180414
2973,1,Alexia Inman,Mima Mirkovic,Lindsey Vander Weide,August Raskie,Cal,Oregon,1633,20180414
2978,1,Kaylie Mchugh,Madeline Mertz,Taylor Fricano,Veronica Snelling,Tulane,Missouri State,1634,20180414
2983,1,Kaylie Mchugh,Madeline Mertz,Aleksandra Djuric,Leah Hardeman,Tulane,Coastal Carolina,1635,20180414
2988,1,Erin Martin,Maddie Irwin,Eighmy Dobbins,Katelyn Mueller,New Mexico,Abilene Christian,1636,20180414
2993,1,Gabby Atchley,Whitney Walker,Maddie Irwin,Erin Martin,New Mexico,Texas A&M; Kingsville,1637,20180414
2995,1,Sammee Thomas,Darby Dunn,Morgan Dees,Katie Krawczyk,Stetson,Jacksonville,1639,20180414
3000,1,Sammee Thomas,Darby Dunn,Courtney Miller,Carina Hoff,Stetson,UNF,1640,20180414
3005,1,Sabryn Roberts,Janell Walley,Kwyn Johnson,Mia Rivera,Boise State,ASU,1641,20180414
3010,1,Gabby Love,Grace Convey,Ginny Gerig,Cecily Gable,ULM,Austin Peay State ,1642,20180414
3019,1,Nele Barber,Sasha Karelov,Adore Anae,Dani Barton,Long Beach State,Utah,1644,20180414
3024,1,Katja Ehlers,Devon Rachel,Leah Hardeman,Aleksandra Djuric,College of Charleston,Coastal Carolina,1645,20180414
3029,1,Adore Anae,Dani Barton,Emily Hansen,Sydney Haynes,Utah,Cal State Bakersfield,1646,20180414
3034,1,Adore Anae,Dani Barton,Emily Hansen,Sydney Haynes,Utah,Cal State Bakersfield,1647,20180414
3039,1,Shannon Williams,Ali Denney,Taylor Fricano,Veronica Snelling,South Carolina,Missouri State,1648,20180414
3044,1,Ali Denney,Shannon Williams,Katja Ehlers,Devon Rachel,South Carolina,College of Charleston,1649,20180414
3049,1,Claire Coppola,Kristen Nuss,Haven Hill,Cassie House,LSU,TCU,1650,20180414
3054,1,Claire Coppola,Kristen Nuss,Haven Hill,Cassie House,LSU,TCU,1651,20180414
3059,1,Haven Hill,Cassie House,Katie Will,Sadie Anderson,TCU,Jacksonville State,1652,20180414
3064,1,Ka'iwi Schucht,Emily Maglio,Sabryn Roberts,Janell Walley,Hawaii,Boise State,1653,20180414
3069,1,Victoria Paranagua,Vanessa Freire,Teegan Van Gunst,Annika Van Gunst,Florida State,Georgia State,1654,20180414
3074,1,Vanessa Freire,Victoria Paranagua,Jessica Wooten,Aeriel Horton,Florida State,Houston Baptist,1655,20180414
3079,1,Vanessa Freire,Victoria Paranagua,Rachel Kuhn,Veronica Corcoran,Florida State,New Orleans,1656,20180414
3084,1,Nele Barber,Sasha Karelov,Emily Hansen,Sydney Haynes,Long Beach State,Cal State Bakersfield,1657,20180414
3089,1,Claire Coppola,Kristen Nuss,Annika Van Gunst,Teegan Van Gunst,LSU,Georgia State,1658,20180414
3094,1,Andie Shelton,Skylar Wine,Lana Brown,Mikaela Nocetti,Pacific,"Cal State University, Sacramento",1660,20180414
3099,1,Nandyala Gama,Lyndi Scholl,Andie Shelton,Skylar Wine,Pacific,San Jose State University,1661,20180414
3104,1,Nandyala Gama,Lyndi Scholl,Sarah Davis,Mikaela Nocetti,"Cal State University, Sacramento",San Jose State University,1662,20180414
3109,1,Emily Maglio,Ka'iwi Schucht,Kwyn Johnson,Mia Rivera,Hawaii,ASU,1663,20180414
3114,1,Kimmy Gardiner,Jordan Anderson,Iya Lindahl,Jessica Gaffney,Washington,Cal,1664,20180414
3119,1,Abigail Devido,Selina Marolf,Katelyn Mueller,Eighmy Dobbins,Texas A&M; Corpus Christi,Abilene Christian,1665,20180414
3124,1,Jessica Wooten,Aeriel Horton,Katie Will,Sadie Anderson,Houston Baptist,Jacksonville State,1666,20180414
3129,1,Alexia Inman,Mima Mirkovic,Abril Bustamante,Tina Graudina,USC,Cal,1667,20180415
3134,1,Vanessa Freire,Victoria Paranagua,Claire Coppola,Kristen Nuss,Florida State,LSU,1668,20180415
3139,1,Abigail Devido,Selina Marolf,Erin Martin,Maddie Irwin,New Mexico,Texas A&M; Corpus Christi,1669,20180415
3144,1,Amelia Smith,Morgan Hentz,Mima Mirkovic,Alexia Inman,Stanford,Cal,1670,20180415
3149,1,Cara Sander,Victoria Corcoran,Katie Will,Sadie Anderson,New Orleans,Jacksonville State,1671,20180415
3154,1,Vanessa Freire,Victoria Paranagua,Katie Will,Sadie Anderson,Florida State,Jacksonville State,1672,20180415
3159,1,Jordan Anderson,Kimmy Gardiner,Lindsey Vander Weide,August Raskie,Washington,Oregon,1673,20180415
3164,1,Tina Graudina,Abril Bustamante,August Raskie,Lindsey Vander Weide,USC,Oregon,1674,20180415
3169,1,Teegan Van Gunst,Annika Van Gunst,Cassie House,Haven Hill,Georgia State,TCU,1675,20180415
3174,1,Haven Hill,Cassie House,Jessica Wooten,Aeriel Horton,Houston Baptist,TCU,1676,20180415
3179,1,Sabryn Roberts,Janell Walley,Kwyn Johnson,Mia Rivera,Boise State,ASU,1677,20180415
3184,1,Nele Barber,Sasha Karelov,McKayla Ferris,Savannah  Slattery,Long Beach State,LMU,1678,20180415
3189,1,Emily Maglio,Ka'iwi Schucht,Kwyn Johnson,Mia Rivera,Hawaii,ASU,1679,20180415
3194,1,Claire Coppola,Kristen Nuss,Jessica Wooten,Aeriel Horton,Houston Baptist,LSU,1680,20180415
3199,1,Nele Barber,Sasha Karelov,Adore Anae,Dani Barton,Utah,Long Beach State,1681,20180415
3204,1,McKayla Ferris,Savannah  Slattery,Adore Anae,Dani Barton,Utah,LMU,1682,20180415
3209,1,Annika Van Gunst,Teegan Van Gunst,Rachel Kuhn,Veronica Corcoran,Georgia State,New Orleans,1683,20180415
3215,1,Morgan Hentz,Amelia Smith,Kimmy Gardiner,Jordan Anderson,Stanford,Washington,1686,20180415
3220,1,Emily Maglio,Ka'iwi Schucht,Sabryn Roberts,Janell Walley,Hawaii,Boise State,1687,20180415
3225,1,Abril Bustamante,Tina Graudina,Nele Barber,Sasha Karelov,USC,Long Beach State,1707,20180417
3230,1,Nele Barber,Sasha Karelov,Hannah Towne,Molly Turner,Long Beach State,Grand Canyon,1708,20180417
3235,1,Mima Mirkovic,Alexia Inman,Morgan Hughes,Payton Rund,Saint Mary's,Cal,1709,20180417
3240,1,Abril Bustamante,Tina Graudina,Hannah Towne,Molly Turner,USC,Grand Canyon,1710,20180417
3245,1,Olivia Macdonald,Natalie Anselmo,Kwyn Johnson,Mia Rivera,Arizona,ASU,1711,20180418
3250,1,Megan McNamara,Nicole McNamara,Nele Barber,Sasha Karelov,UCLA,Long Beach State,1712,20180419
3255,1,Katie Sato,Aeryn Owens,Karla Santos,Alejandra Negron,Cal State Northridge,CSULA,1713,20180419
3260,1,Hannah Towne,Molly Turner,Adore Anae,Dani Barton,Utah,Grand Canyon,1714,20180419
3265,1,Vanessa Freire,Victoria Paranagua,Maddy Kline,Nicole Lott,Florida State,UNC Wilmington,1715,20180420
3270,1,Cadie Bates,Katie Smith,Devon May,Kenley Adams,South Carolina,UAB,1716,20180420
3275,1,Kristen Nuss,Claire Coppola,Annika Van Gunst,Teegan Van Gunst,LSU,Georgia State,1717,20180420
3280,1,Margherita Bianchin,Federica Frasca,Katja Ehlers,Krissy Mummey,FIU,College of Charleston,1718,20180420
3285,1,Victoria Paranagua,Vanessa Freire,Carly Scarborough,Amanda Silva,Florida State,FAU,1719,20180420
3290,1,Cadie Bates,Katie Smith,Kaylie Mchugh,Madeline Mertz,South Carolina,Tulane,1720,20180420
3295,1,Katja Ehlers,Krissy Mummey,Devon May,Kenley Adams,UAB,College of Charleston,1721,20180420
3300,1,Claire Coppola,Kristen Nuss,Nicole Lott,Maddy Kline,LSU,UNC Wilmington,1722,20180420
3305,1,Payton Rund,Morgan Hughes,Tani Stephens ,Cali Thompson,Saint Mary's,Portland,1723,20180420
3310,1,McKayla Ferris,Savannah  Slattery,Kristen Mead,Hailey Lindberg,LMU,Santa Clara,1724,20180420
3314,1,McKayla Ferris,Savannah  Slattery,Kristen Mead,Hailey Lindberg,LMU,Santa Clara,1725,20180420
3318,1,Federica Frasca,Margherita Bianchin,Kaylie Mchugh,Madeline Mertz,Tulane,FIU,1726,20180420
3323,1,Annika Van Gunst,Teegan Van Gunst,Carly Scarborough,Amanda Silva,Georgia State,FAU,1727,20180420
3328,1,Natalie Anselmo,Olivia Macdonald,Maddie Irwin,Erin Martin,Arizona,New Mexico,1728,20180420
3333,1,Dani Barton,Adore Anae,Jackie Woods,Kat McCullough,Utah,Benedictine,1729,20180420
3338,1,Erin Martin,Maddie Irwin,Jackie Woods,Kat McCullough,New Mexico,Benedictine,1730,20180420
3343,1,Deahna Kraft,Corinne Quiggle,Andie Shelton,Skylar Wine,Pepperdine,Pacific,1731,20180420
3348,1,Payton Rund,Morgan Hughes,McKayla Ferris,Savannah  Slattery,Saint Mary's,LMU,1732,20180420
3353,1,Tani Stephens ,Cali Thompson,Kristen Mead,Hailey Lindberg,Santa Clara,Portland,1733,20180420
3358,1,Andie Shelton,Skylar Wine,Tani Stephens ,Cali Thompson,Portland,Pacific,1734,20180420
3363,1,Savannah  Slattery,McKayla Ferris,Julia Topor,Anna Dalla Vecchia,LMU,USF,1735,20180420
3368,1,Andie Shelton,Skylar Wine,Anna Dalla Vecchia,Julia Topor,USF,Pacific,1736,20180420
3376,1,Torrey Van Winden,Tia Miric,Nandyala Gama,Lyndi Scholl,Cal Poly SLO,San Jose State University,1738,20180420
3381,1,Taylor Nelson,Adlee Van Winden,Kelli Dowell,Dani Erdelatz,Cal Poly SLO,Vanguard,1739,20180420
3386,1,Ginny Gerig,Cecily Gable,Jessie Wachtman,Liz Allen,Austin Peay State ,Morehead State,1742,20180420
3391,1,Cecily Gable,Ginny Gerig,Katie Will,Sadie Anderson,Austin Peay State ,Jacksonville State,1743,20180420
3396,1,Danielle Ged,Hailey Lake,Katie Will,Sadie Anderson,Jacksonville State,Lincoln Memorial,1744,20180420
3398,1,Natalie Anselmo,Olivia Macdonald,Dani Barton,Adore Anae,Utah,Arizona,1746,20180420
3403,1,Jordan Anderson,Kimmy Gardiner,Janell Walley,Sabryn Roberts,Washington,Boise State,1752,20180420
3408,1,Cadie Bates,Katie Smith,Katja Ehlers,Krissy Mummey,South Carolina,College of Charleston,1765,20180421
3413,1,Victoria Paranagua,Vanessa Freire,Claire Coppola,Kristen Nuss,LSU,Florida State,1766,20180421
3418,1,Cadie Bates,Katie Smith,Katja Ehlers,Krissy Mummey,South Carolina,College of Charleston,1767,20180421
3423,1,Jessica Wooten,Aeriel Horton,Selina Marolf,Abigail Devido,Houston Baptist,Texas A&M; Corpus Christi,1768,20180420
3428,1,Jessica Wooten,Aeriel Horton,Veronica Corcoran,Cara Sander,Houston Baptist,New Orleans,1769,20180420
3433,1,Deahna Kraft,Corinne Quiggle,Payton Rund,Morgan Hughes,Pepperdine,Saint Mary's,1770,20180421
3438,1,Kaylie Mchugh,Madeline Mertz,Devon May,Kenley Adams,Tulane,UAB,1771,20180421
3443,1,Carly Scarborough,Amanda Silva,Nicole Lott,Maddy Kline,UNC Wilmington,FAU,1772,20180421
3448,1,Victoria Paranagua,Vanessa Freire,Annika Van Gunst,Teegan Van Gunst,Florida State,Georgia State,1773,20180421
3453,1,Cadie Bates,Katie Smith,Federica Frasca,Margherita Bianchin,FIU,South Carolina,1774,20180421
3458,1,McKayla Ferris,Savannah  Slattery,Andie Shelton,Skylar Wine,LMU,Pacific,1775,20180421
3463,1,Kaylie Mchugh,Madeline Mertz,Katja Ehlers,Krissy Mummey,Tulane,College of Charleston,1776,20180421
3468,1,Claire Coppola,Kristen Nuss,Carly Scarborough,Amanda Silva,LSU,FAU,1777,20180421
3473,1,Adore Anae,Dani Barton,Maddie Irwin,Erin Martin,Utah,New Mexico,1778,20180421
3478,1,Darby Dunn,Sammee Thomas,Morgan Dees,Katie Krawczyk,Stetson,Jacksonville,1779,20180421
3483,1,Carina Hoff,Courtney Miller,Amanda Carroll,Mackenzie Allen,UNF,FGCU,1780,20180421
3488,1,Morgan Dees,Katie Krawczyk,Sophie Peel,Kacy Ogden,Jacksonville,Mercer,1781,20180421
3496,1,Payton Rund,Morgan Hughes,McKayla Ferris,Savannah  Slattery,LMU,Saint Mary's,1783,20180421
3501,1,Deahna Kraft,Corinne Quiggle,Payton Rund,Morgan Hughes,Pepperdine,Saint Mary's,1784,20180421
3506,1,Jessica Gaffney,Mima Mirkovic,Amelia Smith,Morgan Hentz,Cal,Stanford,1785,20180421
3511,1,Amanda Carroll,Mackenzie Allen,Sophie Peel,Kacy Ogden,FGCU,Mercer,1786,20180421
3516,1,Payton Gidney,Emily Greim,Katie Will,Sadie Anderson,Jacksonville State,Spring Hill College,1787,20180421
3517,1,Jordan Anderson,Kimmy Gardiner,Janell Walley,Sabryn Roberts,Boise State,Washington,1789,20180421
3522,1,Katie Sato,Aeryn Owens,Kayla Tinker,Gabby Morrison,Cal State Northridge,Vanguard,1790,20180421
3527,1,Katie Sato,Aeryn Owens,Emily Hansen,Sydney Haynes,Cal State Northridge,Cal State Bakersfield,1791,20180421
3532,1,Emily Hansen,Sydney Haynes,Gabby Morrison,Kayla Tinker,Cal State Bakersfield,Vanguard,1792,20180421
3537,1,Federica Frasca,Margherita Bianchin,Devon May,Kenley Adams,FIU,UAB,1793,20180421
3542,1,Annika Van Gunst,Teegan Van Gunst,Nicole Lott,Maddy Kline,Georgia State,UNC Wilmington,1794,20180421
3547,1,Cecily Gable,Ginny Gerig,Kelly Hughes,Summer Coulter,Austin Peay State ,Carson-Newman,1795,20180421
3552,1,Katie Will,Sadie Anderson,Summer Coulter,Kelly Hughes,Jacksonville State,Carson-Newman,1796,20180421
3557,1,Victoria Paranagua,Vanessa Freire,Federica Frasca,Margherita Bianchin,Florida State,FIU,1798,20180422
3565,1,Claire Coppola,Kristen Nuss,Cadie Bates,Katie Smith,LSU,South Carolina,1800,20180422
3570,1,Jessica Martinez,Aly Brinkley,Jessica Wooten,Aeriel Horton,Houston Baptist,Central Arkansas,1801,20180421
3575,1,Jessica Wooten,Aeriel Horton,Hayley Tippett,Megan Nash,Houston Baptist,Central Arkansas,1802,20180422
3579,1,Hayley Tippett,Megan Nash,Eighmy Dobbins,Katelyn Mueller,Central Arkansas,Abilene Christian,1803,20180422
3587,1,Megan Nash,Hayley Tippett,Eighmy Dobbins,Katelyn Mueller,Central Arkansas,Abilene Christian,1805,20180422
3592,1,Veronica Corcoran,Rachel Kuhn,Hayley Tippett,Megan Nash,Central Arkansas,New Orleans,1806,20180420
3597,1,Selina Marolf,Abigail Devido,Hayley Tippett,Megan Nash,Texas A&M; Corpus Christi,Central Arkansas,1807,20180420
3606,1,Carina Hoff,Courtney Miller,Amanda Carroll,Mackenzie Allen,UNF,FGCU,1809,20180422
3622,1,Jessica Wooten,Aeriel Horton,Victoria Corcoran,Rachel Kuhn,Houston Baptist,New Orleans,1814,20180422
3627,1,Maddy Kline,Nicole Lott,Selina Marolf,Abigail Devido,UNC Wilmington,Texas A&M; Corpus Christi,1815,20180303
3632,1,Cara Sander,Victoria Corcoran,Eighmy Dobbins,Katelyn Mueller,New Orleans,Abilene Christian,1818,20180420
3637,1,Adore Anae,Dani Barton,August Raskie,Lindsey Vander Weide,Utah,Oregon,1819,20180426
3642,1,Abril Bustamante,Tina Graudina,Kwyn Johnson,Mia Rivera,USC,ASU,1820,20180426
3647,1,Mima Mirkovic,Jessica Gaffney,Jordan Anderson,Kimmy Gardiner,Cal,Washington,1821,20180426
3652,1,Courtney Bowen,Sunny Villapando,Olivia Macdonald,Natalie Anselmo,Stanford,Arizona,1822,20180426
3657,1,Nicole McNamara,Megan McNamara,Adore Anae,Dani Barton,UCLA,Utah,1823,20180426
3662,1,Kwyn Johnson,Mia Rivera,Lindsey Vander Weide,August Raskie,ASU,Oregon,1824,20180426
3667,1,Natalie Anselmo,Olivia Macdonald,Adore Anae,Dani Barton,Arizona,Utah,1825,20180427
3672,1,Jordan Anderson,Kimmy Gardiner,Mia Rivera,Kwyn Johnson,Washington,ASU,1826,20180427
3676,1,Jordan Anderson,Kimmy Gardiner,Kwyn Johnson,Mia Rivera,Washington,ASU,1827,20180427
3681,1,Abril Bustamante,Tina Graudina,Jessica Gaffney,Mima Mirkovic,USC,Cal,1828,20180427
3686,1,Nicole McNamara,Megan McNamara,Courtney Bowen,Sunny Villapando,UCLA,Stanford,1829,20180427
3691,1,Sydney Haynes,Emily Hansen,Aeryn Owens,Katie Sato,Cal State Northridge,Cal State Bakersfield,1830,20180427
3696,1,Nele Barber,Sasha Karelov,Mikaela Nocetti,Lana Brown,Long Beach State,"Cal State University, Sacramento",1831,20180427
3701,1,Ka'iwi Schucht,Emily Maglio,Sydney Haynes,Emily Hansen,Hawaii,Cal State Bakersfield,1832,20180427
3706,1,Nele Barber,Sasha Karelov,Torrey Van Winden,Tia Miric,Long Beach State,Cal Poly SLO,1833,20180427
3711,1,Mima Mirkovic,Jessica Gaffney,Natalie Anselmo,Olivia Macdonald,Cal,Arizona,1834,20180427
3716,1,Jordan Anderson,Kimmy Gardiner,Courtney Bowen,Sunny Villapando,Stanford,Washington,1835,20180427
3721,1,Emily Hansen,Sydney Haynes,Mikaela Nocetti,Lana Brown,Cal State Bakersfield,"Cal State University, Sacramento",1836,20180427
3726,1,Torrey Van Winden,Tia Miric,Aeryn Owens,Katie Sato,Cal Poly SLO,Cal State Northridge,1837,20180427
3731,1,Nicole McNamara,Megan McNamara,Tina Graudina,Abril Bustamante,USC,UCLA,1838,20180428
3736,1,Jessica Gaffney,Mima Mirkovic,Jordan Anderson,Kimmy Gardiner,Washington,Cal,1839,20180428
3741,1,Tina Graudina,Abril Bustamante,Jessica Gaffney,Mima Mirkovic,USC,Cal,1840,20180428
3746,1,Ka'iwi Schucht,Emily Maglio,Sasha Karelov,Nele Barber,Hawaii,Long Beach State,1841,20180428
3751,1,Torrey Van Winden,Tia Miric,Sydney Haynes,Emily Hansen,Cal Poly SLO,Cal State Bakersfield,1842,20180428
3756,1,Nele Barber,Sasha Karelov,Torrey Van Winden,Tia Miric,Long Beach State,Cal Poly SLO,1843,20180428
3761,1,Ka'iwi Schucht,Emily Maglio,Sasha Karelov,Nele Barber,Long Beach State,Hawaii,1844,20180428
3766,1,Nicole McNamara,Megan McNamara,Tina Graudina,Abril Bustamante,UCLA,USC,1845,20180428
3771,1,Nicole McNamara,Megan McNamara,Tina Graudina,Abril Bustamante,UCLA,USC,1846,20180428
3775,1,Megan McNamara,Nicole McNamara,Federica Frasca,Margherita Bianchin,UCLA,FIU,1859,20180504
3778,1,Vanessa Freire,Victoria Paranagua,Tina Graudina,Abril Bustamante,USC,Florida State,1860,20180504
3788,1,Tina Graudina,Abril Bustamante,Federica Frasca,Margherita Bianchin,USC,FIU,1863,20180504
3793,1,Victoria Paranagua,Vanessa Freire,Megan McNamara,Nicole McNamara,UCLA,Florida State,1864,20180504
3797,1,Kristen Nuss,Claire Coppola,Cadie Bates,Katie Smith,LSU,South Carolina,1865,20180504
3801,1,Ka'iwi Schucht,Emily Maglio,Deahna Kraft,Corinne Quiggle,Hawaii,Pepperdine,1866,20180504
3806,1,Abril Bustamante,Tina Graudina,Corinne Quiggle,Deahna Kraft,USC,Pepperdine,1867,20180505
3811,1,Nicole McNamara,Megan McNamara,Claire Coppola,Kristen Nuss,UCLA,LSU,1868,20180505
3814,1,Victoria Paranagua,Vanessa Freire,Emily Maglio,Ka'iwi Schucht,Florida State,Hawaii,1869,20180505
